{"offline_id": "e029c734b7d844eb951287e08dce0d03", "project_name": "yolov5", "start_time": 1716986088811, "stop_time": 1716986103281, "tags": [], "workspace": null, "resume_strategy": "create", "customer_error_reported": true, "customer_error_message": "Unexpected error detected in the user script: Exception('\\x1b[34m\\x1b[1mtrain: \\x1b[0mError loading data from E:\\\\KIT\\\\code_projects\\\\cv_yolo\\\\datasets\\\\Human-Fall-Detection.v5i.yolov5pytorch\\\\trian\\\\images: \\x1b[34m\\x1b[1mtrain: \\x1b[0mE:\\\\KIT\\\\code_projects\\\\cv_yolo\\\\datasets\\\\Human-Fall-Detection.v5i.yolov5pytorch\\\\trian\\\\images does not exist\\nSee https://docs.ultralytics.com/yolov5/tutorials/train_custom_data')", "user_provided_experiment_key": false, "comet_start_sourced": false}