{"payload":{"installed_packages":["attrs==23.2.0","brotli==1.0.9","certifi==2024.2.2","charset-normalizer==2.0.4","click==8.1.7","colorama==0.4.6","comet-ml==3.42.1","configobj==5.0.8","contourpy==1.2.1","cycler==0.12.1","docker-pycreds==0.4.0","dulwich==0.22.1","everett==3.1.0","filelock==3.13.1","fonttools==4.51.0","fsspec==2024.5.0","gitdb==4.0.11","gitpython==3.1.43","gmpy2==2.1.2","idna==3.7","jinja2==3.1.3","jsonschema==4.22.0","jsonschema-specifications==2023.12.1","kiwisolver==1.4.5","markdown-it-py==3.0.0","markupsafe==2.1.3","matplotlib==3.9.0","mdurl==0.1.2","mkl-fft==1.3.8","mkl-random==1.2.4","mkl-service==2.4.0","mpmath==1.3.0","networkx==3.1","numpy==1.26.4","opencv-python==4.9.0.80","packaging==24.0","pandas==2.2.2","pillow==10.3.0","pip==24.0","platformdirs==4.2.2","protobuf==4.25.3","psutil==5.9.8","py-cpuinfo==9.0.0","pygments==2.18.0","pyparsing==3.1.2","pysocks==1.7.1","python-box==6.1.0","python-dateutil==2.9.0.post0","pytz==2024.1","pyyaml==6.0.1","referencing==0.35.1","requests==2.32.2","requests-toolbelt==1.0.0","rich==13.7.1","rpds-py==0.18.1","scipy==1.13.1","seaborn==0.13.2","semantic-version==2.10.0","sentry-sdk==2.3.1","setproctitle==1.3.3","setuptools==69.5.1","simplejson==3.19.2","six==1.16.0","smmap==5.0.1","sympy==1.12","thop==0.1.1-2209072238","torch==2.1.0","torchaudio==2.1.0","torchvision==0.16.0","tqdm==4.66.4","typing_extensions==4.11.0","tzdata==2024.1","ultralytics==8.2.20","urllib3==2.2.1","wandb==0.17.0","wheel==0.43.0","win-inet-pton==1.1.0","wrapt==1.16.0","wurlitzer==3.1.0"],"message_id":1},"type":"installed_packages"}
{"payload":{"command":["train.py","--img","640","--batch","64","--epochs","100","--data","fall_detection01.yaml","--weights"," ","--cfg","yolov5s.yaml"],"env":null,"hostname":"LAPTOP-2J5KTU6B","ip":"172.23.245.91","machine":"AMD64","message_id":2,"os":"Windows-10-10.0.22631-SP0","os_release":"10","os_type":"Windows","pid":21920,"processor":"Intel64 Family 6 Model 142 Stepping 11, GenuineIntel","python_exe":"D:\\Anaconda\\envs\\yolo\\python.exe","python_version":"3.10.14","python_version_verbose":"3.10.14 | packaged by Anaconda, Inc. | (main, May  6 2024, 19:44:50) [MSC v.1916 64 bit (AMD64)]","user":"T490"},"type":"system_details"}
{"payload":{"gpu_static_info":[{"gpu_index":0,"name":"NVIDIA GeForce RTX 2080 Ti","power_limit":260000,"total_memory":11811160064,"uuid":"GPU-b72c6149-13a9-a55d-7c71-d79b348815ca"},{"gpu_index":1,"name":"NVIDIA GeForce MX250","power_limit":null,"total_memory":2147483648,"uuid":"GPU-10c147ce-086f-9053-7e3d-b495a9afa826"}],"message_id":3},"type":"gpu_static_info"}
{"payload":{"local_timestamp":1716986092704,"message_id":4,"metric":{"epoch":null,"metricName":"sys.gpu.0.total_memory","metricValue":11811160064,"step":null}},"type":"metric_msg"}
{"payload":{"local_timestamp":1716986092704,"message_id":5,"metric":{"epoch":null,"metricName":"sys.gpu.1.total_memory","metricValue":2147483648,"step":null}},"type":"metric_msg"}
{"payload":{"local_timestamp":1716986092704,"message_id":6,"output":"\u001b[1;38;5;196mCOMET ERROR:\u001b[0m Failed to set run cmd args\n","stderr":true},"type":"standard_output"}
{"payload":{"key":"offline_experiment","message_id":7,"value":true},"type":"log_other"}
{"payload":{"key":"Name","message_id":8,"value":"exp"},"type":"log_other"}
{"payload":{"additional_params":{"assetId":"362f8959a63046b181fe08b45f7e8115","context":null,"extension":"yaml","fileName":"fall_detection01.yaml","overwrite":false,"runId":null,"step":null},"clean":true,"file_path":"tmpait5rjm0","local_timestamp":1716986092704,"message_id":9,"metadata":{"type":"data-config-file"},"upload_type":"asset"},"type":"file_upload"}
{"payload":{"local_timestamp":1716986092721,"message_id":10,"metric":{"epoch":null,"metricName":"sys.gpu.0.gpu_utilization","metricValue":0,"step":null}},"type":"metric_msg"}
{"payload":{"local_timestamp":1716986092721,"message_id":11,"metric":{"epoch":null,"metricName":"sys.gpu.0.power_usage","metricValue":17207,"step":null}},"type":"metric_msg"}
{"payload":{"local_timestamp":1716986092721,"message_id":12,"metric":{"epoch":null,"metricName":"sys.gpu.0.temperature","metricValue":33,"step":null}},"type":"metric_msg"}
{"payload":{"local_timestamp":1716986092721,"message_id":13,"metric":{"epoch":null,"metricName":"sys.gpu.0.memory_utilization","metricValue":1,"step":null}},"type":"metric_msg"}
{"payload":{"local_timestamp":1716986092721,"message_id":14,"metric":{"epoch":null,"metricName":"sys.gpu.0.free_memory","metricValue":10974150656,"step":null}},"type":"metric_msg"}
{"payload":{"local_timestamp":1716986092721,"message_id":15,"metric":{"epoch":null,"metricName":"sys.gpu.0.used_memory","metricValue":837009408,"step":null}},"type":"metric_msg"}
{"payload":{"local_timestamp":1716986092721,"message_id":16,"metric":{"epoch":null,"metricName":"sys.gpu.0.percent.used_memory","metricValue":7.086597789417613,"step":null}},"type":"metric_msg"}
{"payload":{"local_timestamp":1716986092721,"message_id":17,"metric":{"epoch":null,"metricName":"sys.gpu.1.gpu_utilization","metricValue":0,"step":null}},"type":"metric_msg"}
{"payload":{"local_timestamp":1716986092721,"message_id":18,"metric":{"epoch":null,"metricName":"sys.gpu.1.temperature","metricValue":49,"step":null}},"type":"metric_msg"}
{"payload":{"local_timestamp":1716986092721,"message_id":19,"metric":{"epoch":null,"metricName":"sys.gpu.1.memory_utilization","metricValue":0,"step":null}},"type":"metric_msg"}
{"payload":{"local_timestamp":1716986092721,"message_id":20,"metric":{"epoch":null,"metricName":"sys.gpu.1.free_memory","metricValue":2064052224,"step":null}},"type":"metric_msg"}
{"payload":{"local_timestamp":1716986092721,"message_id":21,"metric":{"epoch":null,"metricName":"sys.gpu.1.used_memory","metricValue":83431424,"step":null}},"type":"metric_msg"}
{"payload":{"local_timestamp":1716986092721,"message_id":22,"metric":{"epoch":null,"metricName":"sys.gpu.1.percent.used_memory","metricValue":3.8850784301757812,"step":null}},"type":"metric_msg"}
{"payload":{"key":"Created from","message_id":23,"value":"YOLOv5"},"type":"log_other"}
{"payload":{"key":"hasNestedParams","message_id":24,"value":true},"type":"log_other"}
{"payload":{"local_timestamp":1716986092731,"message_id":25,"param":{"paramName":"artifact_alias","paramValue":"latest","source":"manual","step":null}},"type":"parameter_msg"}
{"payload":{"local_timestamp":1716986092731,"message_id":26,"param":{"paramName":"batch_size","paramValue":64,"source":"manual","step":null}},"type":"parameter_msg"}
{"payload":{"local_timestamp":1716986092731,"message_id":27,"param":{"paramName":"bbox_interval","paramValue":10,"source":"manual","step":null}},"type":"parameter_msg"}
{"payload":{"local_timestamp":1716986092731,"message_id":28,"param":{"paramName":"bucket","paramValue":"","source":"manual","step":null}},"type":"parameter_msg"}
{"payload":{"local_timestamp":1716986092731,"message_id":29,"param":{"paramName":"cache","paramValue":null,"source":"manual","step":null}},"type":"parameter_msg"}
{"payload":{"local_timestamp":1716986092731,"message_id":30,"param":{"paramName":"cfg","paramValue":"E:\\KIT\\code_projects\\cv_yolo\\yolov5\\models\\yolov5s.yaml","source":"manual","step":null}},"type":"parameter_msg"}
{"payload":{"local_timestamp":1716986092731,"message_id":31,"param":{"paramName":"cos_lr","paramValue":false,"source":"manual","step":null}},"type":"parameter_msg"}
{"payload":{"local_timestamp":1716986092731,"message_id":32,"param":{"paramName":"data","paramValue":"E:\\KIT\\code_projects\\cv_yolo\\yolov5\\data\\fall_detection01.yaml","source":"manual","step":null}},"type":"parameter_msg"}
{"payload":{"local_timestamp":1716986092731,"message_id":33,"param":{"paramName":"device","paramValue":"","source":"manual","step":null}},"type":"parameter_msg"}
{"payload":{"local_timestamp":1716986092731,"message_id":34,"param":{"paramName":"entity","paramValue":null,"source":"manual","step":null}},"type":"parameter_msg"}
{"payload":{"local_timestamp":1716986092731,"message_id":35,"param":{"paramName":"epochs","paramValue":100,"source":"manual","step":null}},"type":"parameter_msg"}
{"payload":{"local_timestamp":1716986092732,"message_id":36,"param":{"paramName":"evolve","paramValue":null,"source":"manual","step":null}},"type":"parameter_msg"}
{"payload":{"local_timestamp":1716986092732,"message_id":37,"param":{"paramName":"evolve_population","paramValue":"data\\hyps","source":"manual","step":null}},"type":"parameter_msg"}
{"payload":{"local_timestamp":1716986092732,"message_id":38,"param":{"paramName":"exist_ok","paramValue":false,"source":"manual","step":null}},"type":"parameter_msg"}
{"payload":{"local_timestamp":1716986092732,"message_id":39,"params":{"paramName":"freeze","paramValue":[0],"source":"manual","step":null}},"type":"parameter_msg"}
{"payload":{"local_timestamp":1716986092732,"message_id":40,"param":{"paramName":"hyp|anchor_t","paramValue":4.0,"source":"manual","step":null}},"type":"parameter_msg"}
{"payload":{"local_timestamp":1716986092732,"message_id":41,"param":{"paramName":"hyp|box","paramValue":0.05,"source":"manual","step":null}},"type":"parameter_msg"}
{"payload":{"local_timestamp":1716986092732,"message_id":42,"param":{"paramName":"hyp|cls","paramValue":0.5,"source":"manual","step":null}},"type":"parameter_msg"}
{"payload":{"local_timestamp":1716986092732,"message_id":43,"param":{"paramName":"hyp|cls_pw","paramValue":1.0,"source":"manual","step":null}},"type":"parameter_msg"}
{"payload":{"local_timestamp":1716986092732,"message_id":44,"param":{"paramName":"hyp|copy_paste","paramValue":0.0,"source":"manual","step":null}},"type":"parameter_msg"}
{"payload":{"local_timestamp":1716986092732,"message_id":45,"param":{"paramName":"hyp|degrees","paramValue":0.0,"source":"manual","step":null}},"type":"parameter_msg"}
{"payload":{"local_timestamp":1716986092732,"message_id":46,"param":{"paramName":"hyp|fl_gamma","paramValue":0.0,"source":"manual","step":null}},"type":"parameter_msg"}
{"payload":{"local_timestamp":1716986092732,"message_id":47,"param":{"paramName":"hyp|fliplr","paramValue":0.5,"source":"manual","step":null}},"type":"parameter_msg"}
{"payload":{"local_timestamp":1716986092732,"message_id":48,"param":{"paramName":"hyp|flipud","paramValue":0.0,"source":"manual","step":null}},"type":"parameter_msg"}
{"payload":{"local_timestamp":1716986092732,"message_id":49,"param":{"paramName":"hyp|hsv_h","paramValue":0.015,"source":"manual","step":null}},"type":"parameter_msg"}
{"payload":{"local_timestamp":1716986092732,"message_id":50,"param":{"paramName":"hyp|hsv_s","paramValue":0.7,"source":"manual","step":null}},"type":"parameter_msg"}
{"payload":{"local_timestamp":1716986092732,"message_id":51,"param":{"paramName":"hyp|hsv_v","paramValue":0.4,"source":"manual","step":null}},"type":"parameter_msg"}
{"payload":{"local_timestamp":1716986092732,"message_id":52,"param":{"paramName":"hyp|iou_t","paramValue":0.2,"source":"manual","step":null}},"type":"parameter_msg"}
{"payload":{"local_timestamp":1716986092732,"message_id":53,"param":{"paramName":"hyp|lr0","paramValue":0.01,"source":"manual","step":null}},"type":"parameter_msg"}
{"payload":{"local_timestamp":1716986092732,"message_id":54,"param":{"paramName":"hyp|lrf","paramValue":0.01,"source":"manual","step":null}},"type":"parameter_msg"}
{"payload":{"local_timestamp":1716986092732,"message_id":55,"param":{"paramName":"hyp|mixup","paramValue":0.0,"source":"manual","step":null}},"type":"parameter_msg"}
{"payload":{"local_timestamp":1716986092732,"message_id":56,"param":{"paramName":"hyp|momentum","paramValue":0.937,"source":"manual","step":null}},"type":"parameter_msg"}
{"payload":{"local_timestamp":1716986092732,"message_id":57,"param":{"paramName":"hyp|mosaic","paramValue":1.0,"source":"manual","step":null}},"type":"parameter_msg"}
{"payload":{"local_timestamp":1716986092733,"message_id":58,"param":{"paramName":"hyp|obj","paramValue":1.0,"source":"manual","step":null}},"type":"parameter_msg"}
{"payload":{"local_timestamp":1716986092733,"message_id":59,"param":{"paramName":"hyp|obj_pw","paramValue":1.0,"source":"manual","step":null}},"type":"parameter_msg"}
{"payload":{"local_timestamp":1716986092733,"message_id":60,"param":{"paramName":"hyp|perspective","paramValue":0.0,"source":"manual","step":null}},"type":"parameter_msg"}
{"payload":{"local_timestamp":1716986092733,"message_id":61,"param":{"paramName":"hyp|scale","paramValue":0.5,"source":"manual","step":null}},"type":"parameter_msg"}
{"payload":{"local_timestamp":1716986092733,"message_id":62,"param":{"paramName":"hyp|shear","paramValue":0.0,"source":"manual","step":null}},"type":"parameter_msg"}
{"payload":{"local_timestamp":1716986092733,"message_id":63,"param":{"paramName":"hyp|translate","paramValue":0.1,"source":"manual","step":null}},"type":"parameter_msg"}
{"payload":{"local_timestamp":1716986092733,"message_id":64,"param":{"paramName":"hyp|warmup_bias_lr","paramValue":0.1,"source":"manual","step":null}},"type":"parameter_msg"}
{"payload":{"local_timestamp":1716986092733,"message_id":65,"param":{"paramName":"hyp|warmup_epochs","paramValue":3.0,"source":"manual","step":null}},"type":"parameter_msg"}
{"payload":{"local_timestamp":1716986092733,"message_id":66,"param":{"paramName":"hyp|warmup_momentum","paramValue":0.8,"source":"manual","step":null}},"type":"parameter_msg"}
{"payload":{"local_timestamp":1716986092733,"message_id":67,"param":{"paramName":"hyp|weight_decay","paramValue":0.0005,"source":"manual","step":null}},"type":"parameter_msg"}
{"payload":{"local_timestamp":1716986092733,"message_id":68,"param":{"paramName":"image_weights","paramValue":false,"source":"manual","step":null}},"type":"parameter_msg"}
{"payload":{"local_timestamp":1716986092733,"message_id":69,"param":{"paramName":"imgsz","paramValue":640,"source":"manual","step":null}},"type":"parameter_msg"}
{"payload":{"local_timestamp":1716986092733,"message_id":70,"param":{"paramName":"label_smoothing","paramValue":0.0,"source":"manual","step":null}},"type":"parameter_msg"}
{"payload":{"local_timestamp":1716986092733,"message_id":71,"param":{"paramName":"local_rank","paramValue":-1,"source":"manual","step":null}},"type":"parameter_msg"}
{"payload":{"local_timestamp":1716986092733,"message_id":72,"param":{"paramName":"multi_scale","paramValue":false,"source":"manual","step":null}},"type":"parameter_msg"}
{"payload":{"local_timestamp":1716986092733,"message_id":73,"param":{"paramName":"name","paramValue":"exp","source":"manual","step":null}},"type":"parameter_msg"}
{"payload":{"local_timestamp":1716986092733,"message_id":74,"param":{"paramName":"ndjson_console","paramValue":false,"source":"manual","step":null}},"type":"parameter_msg"}
{"payload":{"local_timestamp":1716986092733,"message_id":75,"param":{"paramName":"ndjson_file","paramValue":false,"source":"manual","step":null}},"type":"parameter_msg"}
{"payload":{"local_timestamp":1716986092733,"message_id":76,"param":{"paramName":"noautoanchor","paramValue":false,"source":"manual","step":null}},"type":"parameter_msg"}
{"payload":{"local_timestamp":1716986092733,"message_id":77,"param":{"paramName":"noplots","paramValue":false,"source":"manual","step":null}},"type":"parameter_msg"}
{"payload":{"local_timestamp":1716986092733,"message_id":78,"param":{"paramName":"nosave","paramValue":false,"source":"manual","step":null}},"type":"parameter_msg"}
{"payload":{"local_timestamp":1716986092733,"message_id":79,"param":{"paramName":"noval","paramValue":false,"source":"manual","step":null}},"type":"parameter_msg"}
{"payload":{"local_timestamp":1716986092734,"message_id":80,"param":{"paramName":"optimizer","paramValue":"SGD","source":"manual","step":null}},"type":"parameter_msg"}
{"payload":{"local_timestamp":1716986092734,"message_id":81,"param":{"paramName":"patience","paramValue":100,"source":"manual","step":null}},"type":"parameter_msg"}
{"payload":{"local_timestamp":1716986092734,"message_id":82,"param":{"paramName":"project","paramValue":"runs\\train","source":"manual","step":null}},"type":"parameter_msg"}
{"payload":{"local_timestamp":1716986092734,"message_id":83,"param":{"paramName":"quad","paramValue":false,"source":"manual","step":null}},"type":"parameter_msg"}
{"payload":{"local_timestamp":1716986092734,"message_id":84,"param":{"paramName":"rect","paramValue":false,"source":"manual","step":null}},"type":"parameter_msg"}
{"payload":{"local_timestamp":1716986092734,"message_id":85,"param":{"paramName":"resume","paramValue":false,"source":"manual","step":null}},"type":"parameter_msg"}
{"payload":{"local_timestamp":1716986092734,"message_id":86,"param":{"paramName":"resume_evolve","paramValue":null,"source":"manual","step":null}},"type":"parameter_msg"}
{"payload":{"local_timestamp":1716986092734,"message_id":87,"param":{"paramName":"save_dir","paramValue":"runs\\train\\exp16","source":"manual","step":null}},"type":"parameter_msg"}
{"payload":{"local_timestamp":1716986092734,"message_id":88,"param":{"paramName":"save_period","paramValue":-1,"source":"manual","step":null}},"type":"parameter_msg"}
{"payload":{"local_timestamp":1716986092734,"message_id":89,"param":{"paramName":"seed","paramValue":0,"source":"manual","step":null}},"type":"parameter_msg"}
{"payload":{"local_timestamp":1716986092734,"message_id":90,"param":{"paramName":"single_cls","paramValue":false,"source":"manual","step":null}},"type":"parameter_msg"}
{"payload":{"local_timestamp":1716986092734,"message_id":91,"param":{"paramName":"sync_bn","paramValue":false,"source":"manual","step":null}},"type":"parameter_msg"}
{"payload":{"local_timestamp":1716986092734,"message_id":92,"param":{"paramName":"upload_dataset","paramValue":false,"source":"manual","step":null}},"type":"parameter_msg"}
{"payload":{"local_timestamp":1716986092734,"message_id":93,"param":{"paramName":"weights","paramValue":" ","source":"manual","step":null}},"type":"parameter_msg"}
{"payload":{"local_timestamp":1716986092734,"message_id":94,"param":{"paramName":"workers","paramValue":8,"source":"manual","step":null}},"type":"parameter_msg"}
{"payload":{"local_timestamp":1716986092734,"message_id":95,"param":{"paramName":"anchor_t","paramValue":4.0,"source":"manual","step":null}},"type":"parameter_msg"}
{"payload":{"local_timestamp":1716986092734,"message_id":96,"param":{"paramName":"box","paramValue":0.05,"source":"manual","step":null}},"type":"parameter_msg"}
{"payload":{"local_timestamp":1716986092734,"message_id":97,"param":{"paramName":"cls","paramValue":0.5,"source":"manual","step":null}},"type":"parameter_msg"}
{"payload":{"local_timestamp":1716986092734,"message_id":98,"param":{"paramName":"cls_pw","paramValue":1.0,"source":"manual","step":null}},"type":"parameter_msg"}
{"payload":{"local_timestamp":1716986092735,"message_id":99,"param":{"paramName":"copy_paste","paramValue":0.0,"source":"manual","step":null}},"type":"parameter_msg"}
{"payload":{"local_timestamp":1716986092735,"message_id":100,"param":{"paramName":"degrees","paramValue":0.0,"source":"manual","step":null}},"type":"parameter_msg"}
{"payload":{"local_timestamp":1716986092735,"message_id":101,"param":{"paramName":"fl_gamma","paramValue":0.0,"source":"manual","step":null}},"type":"parameter_msg"}
{"payload":{"local_timestamp":1716986092735,"message_id":102,"param":{"paramName":"fliplr","paramValue":0.5,"source":"manual","step":null}},"type":"parameter_msg"}
{"payload":{"local_timestamp":1716986092735,"message_id":103,"param":{"paramName":"flipud","paramValue":0.0,"source":"manual","step":null}},"type":"parameter_msg"}
{"payload":{"local_timestamp":1716986092735,"message_id":104,"param":{"paramName":"hsv_h","paramValue":0.015,"source":"manual","step":null}},"type":"parameter_msg"}
{"payload":{"local_timestamp":1716986092735,"message_id":105,"param":{"paramName":"hsv_s","paramValue":0.7,"source":"manual","step":null}},"type":"parameter_msg"}
{"payload":{"local_timestamp":1716986092735,"message_id":106,"param":{"paramName":"hsv_v","paramValue":0.4,"source":"manual","step":null}},"type":"parameter_msg"}
{"payload":{"local_timestamp":1716986092735,"message_id":107,"param":{"paramName":"iou_t","paramValue":0.2,"source":"manual","step":null}},"type":"parameter_msg"}
{"payload":{"local_timestamp":1716986092735,"message_id":108,"param":{"paramName":"lr0","paramValue":0.01,"source":"manual","step":null}},"type":"parameter_msg"}
{"payload":{"local_timestamp":1716986092735,"message_id":109,"param":{"paramName":"lrf","paramValue":0.01,"source":"manual","step":null}},"type":"parameter_msg"}
{"payload":{"local_timestamp":1716986092735,"message_id":110,"param":{"paramName":"mixup","paramValue":0.0,"source":"manual","step":null}},"type":"parameter_msg"}
{"payload":{"local_timestamp":1716986092735,"message_id":111,"param":{"paramName":"momentum","paramValue":0.937,"source":"manual","step":null}},"type":"parameter_msg"}
{"payload":{"local_timestamp":1716986092735,"message_id":112,"param":{"paramName":"mosaic","paramValue":1.0,"source":"manual","step":null}},"type":"parameter_msg"}
{"payload":{"local_timestamp":1716986092735,"message_id":113,"param":{"paramName":"obj","paramValue":1.0,"source":"manual","step":null}},"type":"parameter_msg"}
{"payload":{"local_timestamp":1716986092735,"message_id":114,"param":{"paramName":"obj_pw","paramValue":1.0,"source":"manual","step":null}},"type":"parameter_msg"}
{"payload":{"local_timestamp":1716986092735,"message_id":115,"param":{"paramName":"perspective","paramValue":0.0,"source":"manual","step":null}},"type":"parameter_msg"}
{"payload":{"local_timestamp":1716986092735,"message_id":116,"param":{"paramName":"scale","paramValue":0.5,"source":"manual","step":null}},"type":"parameter_msg"}
{"payload":{"local_timestamp":1716986092735,"message_id":117,"param":{"paramName":"shear","paramValue":0.0,"source":"manual","step":null}},"type":"parameter_msg"}
{"payload":{"local_timestamp":1716986092735,"message_id":118,"param":{"paramName":"translate","paramValue":0.1,"source":"manual","step":null}},"type":"parameter_msg"}
{"payload":{"local_timestamp":1716986092735,"message_id":119,"param":{"paramName":"warmup_bias_lr","paramValue":0.1,"source":"manual","step":null}},"type":"parameter_msg"}
{"payload":{"local_timestamp":1716986092735,"message_id":120,"param":{"paramName":"warmup_epochs","paramValue":3.0,"source":"manual","step":null}},"type":"parameter_msg"}
{"payload":{"local_timestamp":1716986092736,"message_id":121,"param":{"paramName":"warmup_momentum","paramValue":0.8,"source":"manual","step":null}},"type":"parameter_msg"}
{"payload":{"local_timestamp":1716986092736,"message_id":122,"param":{"paramName":"weight_decay","paramValue":0.0005,"source":"manual","step":null}},"type":"parameter_msg"}
{"payload":{"additional_params":{"assetId":"d025b89fdc4a48f99ca404426e62962d","context":null,"epoch":null,"extension":"json","fileName":"hyperparameters.json","overwrite":false,"runId":null,"step":null},"clean":true,"file_path":"tmp7fogg3f1","local_timestamp":1716986092768,"message_id":123,"metadata":{"type":"hyp-config-file"},"upload_type":"asset"},"type":"file_upload"}
{"payload":{"additional_params":{"assetId":"da1ee7b810474ae3b639767559f9373c","context":null,"extension":"yaml","fileName":"opt.yaml","overwrite":false,"runId":null,"step":null},"clean":true,"file_path":"tmp9n4jjuuq","local_timestamp":1716986092745,"message_id":124,"metadata":{"type":"opt-config-file"},"upload_type":"asset"},"type":"file_upload"}
{"payload":{"local_timestamp":1716986092745,"message_id":125,"param":{"paramName":"val_conf_threshold","paramValue":0.001,"source":"manual","step":null}},"type":"parameter_msg"}
{"payload":{"local_timestamp":1716986092745,"message_id":126,"param":{"paramName":"val_iou_threshold","paramValue":0.6,"source":"manual","step":null}},"type":"parameter_msg"}
{"payload":{"key":"comet_mode","message_id":127,"value":"online"},"type":"log_other"}
{"payload":{"key":"comet_max_image_uploads","message_id":128,"value":100},"type":"log_other"}
{"payload":{"key":"comet_log_per_class_metrics","message_id":129,"value":false},"type":"log_other"}
{"payload":{"key":"comet_log_batch_metrics","message_id":130,"value":false},"type":"log_other"}
{"payload":{"key":"comet_log_confusion_matrix","message_id":131,"value":true},"type":"log_other"}
{"payload":{"key":"comet_model_name","message_id":132,"value":"yolov5"},"type":"log_other"}
{"payload":{"local_timestamp":1716986092768,"message_id":133,"output":"Overriding model.yaml nc=80 with nc=4\n","stderr":true},"type":"standard_output"}
{"payload":{"local_timestamp":1716986092770,"message_id":134,"output":"\n                 from  n    params  module                                  arguments                     \n","stderr":true},"type":"standard_output"}
{"payload":{"local_timestamp":1716986092774,"message_id":135,"output":"  0                -1  1      3520  models.common.Conv                      [3, 32, 6, 2, 2]              \n","stderr":true},"type":"standard_output"}
{"payload":{"local_timestamp":1716986092776,"message_id":136,"output":"  1                -1  1     18560  models.common.Conv                      [32, 64, 3, 2]                \n","stderr":true},"type":"standard_output"}
{"payload":{"local_timestamp":1716986092785,"message_id":137,"output":"  2                -1  1     18816  models.common.C3                        [64, 64, 1]                   \n","stderr":true},"type":"standard_output"}
{"payload":{"local_timestamp":1716986092790,"message_id":138,"output":"  3                -1  1     73984  models.common.Conv                      [64, 128, 3, 2]               \n","stderr":true},"type":"standard_output"}
{"payload":{"local_timestamp":1716986092805,"message_id":139,"output":"  4                -1  2    115712  models.common.C3                        [128, 128, 2]                 \n","stderr":true},"type":"standard_output"}
{"payload":{"local_timestamp":1716986092811,"message_id":140,"output":"  5                -1  1    295424  models.common.Conv                      [128, 256, 3, 2]              \n","stderr":true},"type":"standard_output"}
{"payload":{"local_timestamp":1716986092824,"message_id":141,"output":"  6                -1  3    625152  models.common.C3                        [256, 256, 3]                 \n","stderr":true},"type":"standard_output"}
{"payload":{"local_timestamp":1716986093241,"message_id":142,"metric":{"epoch":null,"metricName":"sys.cpu.percent.avg","metricValue":0.0,"step":null}},"type":"metric_msg"}
{"payload":{"local_timestamp":1716986093241,"message_id":143,"metric":{"epoch":null,"metricName":"sys.ram.total","metricValue":25505275904,"step":null}},"type":"metric_msg"}
{"payload":{"local_timestamp":1716986093241,"message_id":144,"metric":{"epoch":null,"metricName":"sys.ram.used","metricValue":13295857664,"step":null}},"type":"metric_msg"}
{"payload":{"local_timestamp":1716986093241,"message_id":145,"metric":{"epoch":null,"metricName":"sys.ram.available","metricValue":12209418240,"step":null}},"type":"metric_msg"}
{"payload":{"local_timestamp":1716986093241,"message_id":146,"metric":{"epoch":null,"metricName":"sys.ram.percent.used","metricValue":52.1,"step":null}},"type":"metric_msg"}
{"payload":{"local_timestamp":1716986093241,"message_id":147,"metric":{"epoch":null,"metricName":"sys.load.avg","metricValue":0.0,"step":null}},"type":"metric_msg"}
{"payload":{"local_timestamp":1716986093241,"message_id":148,"output":"  7                -1  1   1180672  models.common.Conv                      [256, 512, 3, 2]              \n","stderr":true},"type":"standard_output"}
{"payload":{"local_timestamp":1716986093264,"message_id":149,"output":"  8                -1  1   1182720  models.common.C3                        [512, 512, 1]                 \n","stderr":true},"type":"standard_output"}
{"payload":{"local_timestamp":1716986093275,"message_id":150,"output":"  9                -1  1    656896  models.common.SPPF                      [512, 512, 5]                 \n","stderr":true},"type":"standard_output"}
{"payload":{"local_timestamp":1716986093280,"message_id":151,"output":" 10                -1  1    131584  models.common.Conv                      [512, 256, 1, 1]              \n","stderr":true},"type":"standard_output"}
{"payload":{"local_timestamp":1716986093281,"message_id":152,"output":" 11                -1  1         0  torch.nn.modules.upsampling.Upsample    [None, 2, 'nearest']          \n","stderr":true},"type":"standard_output"}
{"payload":{"local_timestamp":1716986093283,"message_id":153,"output":" 12           [-1, 6]  1         0  models.common.Concat                    [1]                           \n","stderr":true},"type":"standard_output"}
{"payload":{"local_timestamp":1716986093295,"message_id":154,"output":" 13                -1  1    361984  models.common.C3                        [512, 256, 1, False]          \n","stderr":true},"type":"standard_output"}
{"payload":{"local_timestamp":1716986093299,"message_id":155,"output":" 14                -1  1     33024  models.common.Conv                      [256, 128, 1, 1]              \n","stderr":true},"type":"standard_output"}
{"payload":{"local_timestamp":1716986093302,"message_id":156,"output":" 15                -1  1         0  torch.nn.modules.upsampling.Upsample    [None, 2, 'nearest']          \n","stderr":true},"type":"standard_output"}
{"payload":{"local_timestamp":1716986093303,"message_id":157,"output":" 16           [-1, 4]  1         0  models.common.Concat                    [1]                           \n","stderr":true},"type":"standard_output"}
{"payload":{"local_timestamp":1716986093313,"message_id":158,"output":" 17                -1  1     90880  models.common.C3                        [256, 128, 1, False]          \n","stderr":true},"type":"standard_output"}
{"payload":{"local_timestamp":1716986093318,"message_id":159,"output":" 18                -1  1    147712  models.common.Conv                      [128, 128, 3, 2]              \n","stderr":true},"type":"standard_output"}
{"payload":{"local_timestamp":1716986093319,"message_id":160,"output":" 19          [-1, 14]  1         0  models.common.Concat                    [1]                           \n","stderr":true},"type":"standard_output"}
{"payload":{"local_timestamp":1716986093333,"message_id":161,"output":" 20                -1  1    296448  models.common.C3                        [256, 256, 1, False]          \n","stderr":true},"type":"standard_output"}
{"payload":{"local_timestamp":1716986093341,"message_id":162,"output":" 21                -1  1    590336  models.common.Conv                      [256, 256, 3, 2]              \n","stderr":true},"type":"standard_output"}
{"payload":{"local_timestamp":1716986093342,"message_id":163,"output":" 22          [-1, 10]  1         0  models.common.Concat                    [1]                           \n","stderr":true},"type":"standard_output"}
{"payload":{"local_timestamp":1716986093385,"message_id":164,"output":" 23                -1  1   1182720  models.common.C3                        [512, 512, 1, False]          \n","stderr":true},"type":"standard_output"}
{"payload":{"local_timestamp":1716986093385,"message_id":165,"output":" 24      [17, 20, 23]  1     24273  models.yolo.Detect                      [4, [[10, 13, 16, 30, 33, 23], [30, 61, 62, 45, 59, 119], [116, 90, 156, 198, 373, 326]], [128, 256, 512]]\n","stderr":true},"type":"standard_output"}
{"payload":{"local_timestamp":1716986093897,"message_id":166,"output":"YOLOv5s summary: 214 layers, 7030417 parameters, 7030417 gradients, 16.0 GFLOPs\n","stderr":true},"type":"standard_output"}
{"payload":{"local_timestamp":1716986093897,"message_id":167,"output":"\n","stderr":true},"type":"standard_output"}
{"payload":{"git_metadata":{"branch":"refs/heads/master","origin":"https://github.com/zsheddie/yolov5-1.git","parent":"ecfd54f8956c9160bb9e1a91d6842ad750ee3477","repo_name":"yolov5-1","root":"1e84a23f38fad9e52b59101e9f1246d93066ed1e","status":null,"user":"zsheddie"},"message_id":168},"type":"git_metadata"}
{"payload":{"local_timestamp":1716986095093,"message_id":169,"output":"\u001b[34m\u001b[1mAMP: \u001b[0mchecks passed \n","stderr":true},"type":"standard_output"}
{"payload":{"local_timestamp":1716986095093,"message_id":170,"output":"\u001b[34m\u001b[1moptimizer:\u001b[0m SGD(lr=0.01) with parameter groups 57 weight(decay=0.0), 60 weight(decay=0.0005), 60 bias\n","stderr":true},"type":"standard_output"}
{"payload":{"local_timestamp":1716986095169,"message_id":171,"output":"WARNING  DP not recommended, use torch.distributed.run for best DDP Multi-GPU results.\nSee Multi-GPU Tutorial at https://docs.ultralytics.com/yolov5/tutorials/multi_gpu_training to get started.\n","stderr":true},"type":"standard_output"}
{"payload":{"local_timestamp":1716986095169,"message_id":172,"output":"Traceback (most recent call last):\n","stderr":true},"type":"standard_output"}
{"payload":{"local_timestamp":1716986095169,"message_id":173,"output":"  File \"E:\\KIT\\code_projects\\cv_yolo\\yolov5\\utils\\dataloaders.py\", line 581, in __init__\n    raise FileNotFoundError(f\"{prefix}{p} does not exist\")\n","stderr":true},"type":"standard_output"}
{"payload":{"local_timestamp":1716986095169,"message_id":174,"output":"FileNotFoundError: \u001b[34m\u001b[1mtrain: \u001b[0mE:\\KIT\\code_projects\\cv_yolo\\datasets\\Human-Fall-Detection.v5i.yolov5pytorch\\trian\\images does not exist\n","stderr":true},"type":"standard_output"}
{"payload":{"local_timestamp":1716986095169,"message_id":175,"output":"\nThe above exception was the direct cause of the following exception:\n\n","stderr":true},"type":"standard_output"}
{"payload":{"local_timestamp":1716986095182,"message_id":176,"output":"Traceback (most recent call last):\n","stderr":true},"type":"standard_output"}
{"payload":{"local_timestamp":1716986095182,"message_id":177,"output":"  File \"E:\\KIT\\code_projects\\cv_yolo\\yolov5\\train.py\", line 848, in <module>\n    main(opt)\n","stderr":true},"type":"standard_output"}
{"payload":{"local_timestamp":1716986095183,"message_id":178,"output":"  File \"E:\\KIT\\code_projects\\cv_yolo\\yolov5\\train.py\", line 623, in main\n    train(opt.hyp, opt, device, callbacks)\n","stderr":true},"type":"standard_output"}
{"payload":{"local_timestamp":1716986095184,"message_id":179,"output":"  File \"E:\\KIT\\code_projects\\cv_yolo\\yolov5\\train.py\", line 254, in train\n    train_loader, dataset = create_dataloader(\n","stderr":true},"type":"standard_output"}
{"payload":{"local_timestamp":1716986095185,"message_id":180,"output":"  File \"E:\\KIT\\code_projects\\cv_yolo\\yolov5\\utils\\dataloaders.py\", line 181, in create_dataloader\n    dataset = LoadImagesAndLabels(\n","stderr":true},"type":"standard_output"}
{"payload":{"local_timestamp":1716986095186,"message_id":181,"output":"  File \"E:\\KIT\\code_projects\\cv_yolo\\yolov5\\utils\\dataloaders.py\", line 586, in __init__\n    raise Exception(f\"{prefix}Error loading data from {path}: {e}\\n{HELP_URL}\") from e\n","stderr":true},"type":"standard_output"}
{"payload":{"local_timestamp":1716986095187,"message_id":182,"output":"Exception: \u001b[34m\u001b[1mtrain: \u001b[0mError loading data from E:\\KIT\\code_projects\\cv_yolo\\datasets\\Human-Fall-Detection.v5i.yolov5pytorch\\trian\\images: \u001b[34m\u001b[1mtrain: \u001b[0mE:\\KIT\\code_projects\\cv_yolo\\datasets\\Human-Fall-Detection.v5i.yolov5pytorch\\trian\\images does not exist\nSee https://docs.ultralytics.com/yolov5/tutorials/train_custom_data\n","stderr":true},"type":"standard_output"}
{"payload":{"local_timestamp":1716986095187,"message_id":183,"output":"Traceback (most recent call last):\n","stderr":true},"type":"standard_output"}
{"payload":{"local_timestamp":1716986095188,"message_id":184,"output":"  File \"E:\\KIT\\code_projects\\cv_yolo\\yolov5\\utils\\dataloaders.py\", line 581, in __init__\n","stderr":true},"type":"standard_output"}
{"payload":{"local_timestamp":1716986095189,"message_id":185,"output":"    ","stderr":true},"type":"standard_output"}
{"payload":{"local_timestamp":1716986095189,"message_id":186,"output":"raise FileNotFoundError(f\"{prefix}{p} does not exist\")","stderr":true},"type":"standard_output"}
{"payload":{"local_timestamp":1716986095189,"message_id":187,"output":"\n","stderr":true},"type":"standard_output"}
{"payload":{"local_timestamp":1716986095189,"message_id":188,"output":"FileNotFoundError","stderr":true},"type":"standard_output"}
{"payload":{"local_timestamp":1716986095190,"message_id":189,"output":": ","stderr":true},"type":"standard_output"}
{"payload":{"local_timestamp":1716986095190,"message_id":190,"output":"\u001b[34m\u001b[1mtrain: \u001b[0mE:\\KIT\\code_projects\\cv_yolo\\datasets\\Human-Fall-Detection.v5i.yolov5pytorch\\trian\\images does not exist","stderr":true},"type":"standard_output"}
{"payload":{"local_timestamp":1716986095191,"message_id":191,"output":"\n","stderr":true},"type":"standard_output"}
{"payload":{"local_timestamp":1716986095191,"message_id":192,"output":"\nThe above exception was the direct cause of the following exception:\n\n","stderr":true},"type":"standard_output"}
{"payload":{"local_timestamp":1716986095192,"message_id":193,"output":"Traceback (most recent call last):\n","stderr":true},"type":"standard_output"}
{"payload":{"local_timestamp":1716986095193,"message_id":194,"output":"  File \"E:\\KIT\\code_projects\\cv_yolo\\yolov5\\train.py\", line 848, in <module>\n","stderr":true},"type":"standard_output"}
{"payload":{"local_timestamp":1716986095194,"message_id":195,"output":"    ","stderr":true},"type":"standard_output"}
{"payload":{"local_timestamp":1716986095194,"message_id":196,"output":"main(opt)","stderr":true},"type":"standard_output"}
{"payload":{"local_timestamp":1716986095195,"message_id":197,"output":"\n","stderr":true},"type":"standard_output"}
{"payload":{"local_timestamp":1716986095195,"message_id":198,"output":"  File \"E:\\KIT\\code_projects\\cv_yolo\\yolov5\\train.py\", line 623, in main\n","stderr":true},"type":"standard_output"}
{"payload":{"local_timestamp":1716986095196,"message_id":199,"output":"    ","stderr":true},"type":"standard_output"}
{"payload":{"local_timestamp":1716986095197,"message_id":200,"output":"train(opt.hyp, opt, device, callbacks)","stderr":true},"type":"standard_output"}
{"payload":{"local_timestamp":1716986095197,"message_id":201,"output":"\n","stderr":true},"type":"standard_output"}
{"payload":{"local_timestamp":1716986095197,"message_id":202,"output":"  File \"E:\\KIT\\code_projects\\cv_yolo\\yolov5\\train.py\", line 254, in train\n","stderr":true},"type":"standard_output"}
{"payload":{"local_timestamp":1716986095198,"message_id":203,"output":"    ","stderr":true},"type":"standard_output"}
{"payload":{"local_timestamp":1716986095198,"message_id":204,"output":"train_loader, dataset = create_dataloader(","stderr":true},"type":"standard_output"}
{"payload":{"local_timestamp":1716986095199,"message_id":205,"output":"\n","stderr":true},"type":"standard_output"}
{"payload":{"local_timestamp":1716986095199,"message_id":206,"output":"  File \"E:\\KIT\\code_projects\\cv_yolo\\yolov5\\utils\\dataloaders.py\", line 181, in create_dataloader\n","stderr":true},"type":"standard_output"}
{"payload":{"local_timestamp":1716986095200,"message_id":207,"output":"    ","stderr":true},"type":"standard_output"}
{"payload":{"local_timestamp":1716986095200,"message_id":208,"output":"dataset = LoadImagesAndLabels(","stderr":true},"type":"standard_output"}
{"payload":{"local_timestamp":1716986095200,"message_id":209,"output":"\n","stderr":true},"type":"standard_output"}
{"payload":{"local_timestamp":1716986095201,"message_id":210,"output":"  File \"E:\\KIT\\code_projects\\cv_yolo\\yolov5\\utils\\dataloaders.py\", line 586, in __init__\n","stderr":true},"type":"standard_output"}
{"payload":{"local_timestamp":1716986095201,"message_id":211,"output":"    ","stderr":true},"type":"standard_output"}
{"payload":{"local_timestamp":1716986095202,"message_id":212,"output":"raise Exception(f\"{prefix}Error loading data from {path}: {e}\\n{HELP_URL}\") from e","stderr":true},"type":"standard_output"}
{"payload":{"local_timestamp":1716986095202,"message_id":213,"output":"\n","stderr":true},"type":"standard_output"}
{"payload":{"local_timestamp":1716986095202,"message_id":214,"output":"Exception","stderr":true},"type":"standard_output"}
{"payload":{"local_timestamp":1716986095202,"message_id":215,"output":": ","stderr":true},"type":"standard_output"}
{"payload":{"local_timestamp":1716986095203,"message_id":216,"output":"\u001b[34m\u001b[1mtrain: \u001b[0mError loading data from E:\\KIT\\code_projects\\cv_yolo\\datasets\\Human-Fall-Detection.v5i.yolov5pytorch\\trian\\images: \u001b[34m\u001b[1mtrain: \u001b[0mE:\\KIT\\code_projects\\cv_yolo\\datasets\\Human-Fall-Detection.v5i.yolov5pytorch\\trian\\images does not exist\nSee https://docs.ultralytics.com/yolov5/tutorials/train_custom_data","stderr":true},"type":"standard_output"}
{"payload":{"local_timestamp":1716986095203,"message_id":217,"output":"\n","stderr":true},"type":"standard_output"}
{"payload":{"additional_params":{"assetId":"7992659db1314b648da46de6dc3fd0fa","context":null,"epoch":null,"extension":"yml","fileName":"conda-environment.yml","overwrite":false,"runId":null,"step":null,"type":"conda-environment-definition"},"clean":true,"file_path":"tmpweklsrca","local_timestamp":1716986097990,"message_id":218,"metadata":{},"upload_type":"conda-environment-definition"},"type":"file_upload"}
{"payload":{"additional_params":{"assetId":"142817f194f7400d88ec2c30c8df641a","context":null,"epoch":null,"extension":"txt","fileName":"conda-spec.txt","overwrite":false,"runId":null,"step":null,"type":"conda-specification"},"clean":true,"file_path":"tmp5ul5ee2d","local_timestamp":1716986099586,"message_id":219,"metadata":{},"upload_type":"conda-specification"},"type":"file_upload"}
{"payload":{"additional_params":{"assetId":"029e361cc05b48ad861c86393b3bb71c","context":null,"epoch":null,"extension":"yml","fileName":"conda-info.yml","overwrite":false,"runId":null,"step":null,"type":"conda-info"},"clean":true,"file_path":"tmpcb2qba05","local_timestamp":1716986102319,"message_id":220,"metadata":{},"upload_type":"conda-info"},"type":"file_upload"}
{"payload":{"local_timestamp":1716986102319,"message_id":221,"output":"\u001b[1;38;5;39mCOMET INFO:\u001b[0m ---------------------------------------------------------------------------------------\n","stderr":true},"type":"standard_output"}
{"payload":{"local_timestamp":1716986102319,"message_id":222,"output":"\u001b[1;38;5;39mCOMET INFO:\u001b[0m Comet.ml OfflineExperiment Summary\n","stderr":true},"type":"standard_output"}
{"payload":{"local_timestamp":1716986102319,"message_id":223,"output":"\u001b[1;38;5;39mCOMET INFO:\u001b[0m ---------------------------------------------------------------------------------------\n","stderr":true},"type":"standard_output"}
{"payload":{"local_timestamp":1716986102319,"message_id":224,"output":"\u001b[1;38;5;39mCOMET INFO:\u001b[0m   Data:\n","stderr":true},"type":"standard_output"}
{"payload":{"local_timestamp":1716986102319,"message_id":225,"output":"\u001b[1;38;5;39mCOMET INFO:\u001b[0m     display_summary_level : 1\n","stderr":true},"type":"standard_output"}
{"payload":{"local_timestamp":1716986102319,"message_id":226,"output":"\u001b[1;38;5;39mCOMET INFO:\u001b[0m     name                  : exp\n","stderr":true},"type":"standard_output"}
{"payload":{"local_timestamp":1716986102319,"message_id":227,"output":"\u001b[1;38;5;39mCOMET INFO:\u001b[0m     url                   : [OfflineExperiment will get URL after upload]\n","stderr":true},"type":"standard_output"}
{"payload":{"local_timestamp":1716986102319,"message_id":228,"output":"\u001b[1;38;5;39mCOMET INFO:\u001b[0m   Others:\n","stderr":true},"type":"standard_output"}
{"payload":{"local_timestamp":1716986102319,"message_id":229,"output":"\u001b[1;38;5;39mCOMET INFO:\u001b[0m     Created from                : YOLOv5\n","stderr":true},"type":"standard_output"}
{"payload":{"local_timestamp":1716986102319,"message_id":230,"output":"\u001b[1;38;5;39mCOMET INFO:\u001b[0m     Name                        : exp\n","stderr":true},"type":"standard_output"}
{"payload":{"local_timestamp":1716986102319,"message_id":231,"output":"\u001b[1;38;5;39mCOMET INFO:\u001b[0m     comet_log_batch_metrics     : False\n","stderr":true},"type":"standard_output"}
{"payload":{"local_timestamp":1716986102327,"message_id":232,"output":"\u001b[1;38;5;39mCOMET INFO:\u001b[0m     comet_log_confusion_matrix  : True\n","stderr":true},"type":"standard_output"}
{"payload":{"local_timestamp":1716986102328,"message_id":233,"output":"\u001b[1;38;5;39mCOMET INFO:\u001b[0m     comet_log_per_class_metrics : False\n","stderr":true},"type":"standard_output"}
{"payload":{"local_timestamp":1716986102328,"message_id":234,"output":"\u001b[1;38;5;39mCOMET INFO:\u001b[0m     comet_max_image_uploads     : 100\n","stderr":true},"type":"standard_output"}
{"payload":{"local_timestamp":1716986102329,"message_id":235,"output":"\u001b[1;38;5;39mCOMET INFO:\u001b[0m     comet_mode                  : online\n","stderr":true},"type":"standard_output"}
{"payload":{"local_timestamp":1716986102329,"message_id":236,"output":"\u001b[1;38;5;39mCOMET INFO:\u001b[0m     comet_model_name            : yolov5\n","stderr":true},"type":"standard_output"}
{"payload":{"local_timestamp":1716986102330,"message_id":237,"output":"\u001b[1;38;5;39mCOMET INFO:\u001b[0m     hasNestedParams             : True\n","stderr":true},"type":"standard_output"}
{"payload":{"local_timestamp":1716986102330,"message_id":238,"output":"\u001b[1;38;5;39mCOMET INFO:\u001b[0m     offline_experiment          : True\n","stderr":true},"type":"standard_output"}
{"payload":{"local_timestamp":1716986102330,"message_id":239,"output":"\u001b[1;38;5;39mCOMET INFO:\u001b[0m   Parameters:\n","stderr":true},"type":"standard_output"}
{"payload":{"local_timestamp":1716986102331,"message_id":240,"output":"\u001b[1;38;5;39mCOMET INFO:\u001b[0m     anchor_t            : 4.0\n","stderr":true},"type":"standard_output"}
{"payload":{"local_timestamp":1716986102332,"message_id":241,"output":"\u001b[1;38;5;39mCOMET INFO:\u001b[0m     artifact_alias      : latest\n","stderr":true},"type":"standard_output"}
{"payload":{"local_timestamp":1716986102332,"message_id":242,"output":"\u001b[1;38;5;39mCOMET INFO:\u001b[0m     batch_size          : 64\n","stderr":true},"type":"standard_output"}
{"payload":{"local_timestamp":1716986102332,"message_id":243,"output":"\u001b[1;38;5;39mCOMET INFO:\u001b[0m     bbox_interval       : 10\n","stderr":true},"type":"standard_output"}
{"payload":{"local_timestamp":1716986102334,"message_id":244,"output":"\u001b[1;38;5;39mCOMET INFO:\u001b[0m     box                 : 0.05\n","stderr":true},"type":"standard_output"}
{"payload":{"local_timestamp":1716986102334,"message_id":245,"output":"\u001b[1;38;5;39mCOMET INFO:\u001b[0m     bucket              : \n","stderr":true},"type":"standard_output"}
{"payload":{"local_timestamp":1716986102334,"message_id":246,"output":"\u001b[1;38;5;39mCOMET INFO:\u001b[0m     cache               : None\n","stderr":true},"type":"standard_output"}
{"payload":{"local_timestamp":1716986102334,"message_id":247,"output":"\u001b[1;38;5;39mCOMET INFO:\u001b[0m     cfg                 : E:\\KIT\\code_projects\\cv_yolo\\yolov5\\models\\yolov5s.yaml\n","stderr":true},"type":"standard_output"}
{"payload":{"local_timestamp":1716986102334,"message_id":248,"output":"\u001b[1;38;5;39mCOMET INFO:\u001b[0m     cls                 : 0.5\n","stderr":true},"type":"standard_output"}
{"payload":{"local_timestamp":1716986102334,"message_id":249,"output":"\u001b[1;38;5;39mCOMET INFO:\u001b[0m     cls_pw              : 1.0\n","stderr":true},"type":"standard_output"}
{"payload":{"local_timestamp":1716986102334,"message_id":250,"output":"\u001b[1;38;5;39mCOMET INFO:\u001b[0m     copy_paste          : 0.0\n","stderr":true},"type":"standard_output"}
{"payload":{"local_timestamp":1716986102334,"message_id":251,"output":"\u001b[1;38;5;39mCOMET INFO:\u001b[0m     cos_lr              : False\n","stderr":true},"type":"standard_output"}
{"payload":{"local_timestamp":1716986102334,"message_id":252,"output":"\u001b[1;38;5;39mCOMET INFO:\u001b[0m     data                : E:\\KIT\\code_projects\\cv_yolo\\yolov5\\data\\fall_detection01.yaml\n","stderr":true},"type":"standard_output"}
{"payload":{"local_timestamp":1716986102334,"message_id":253,"output":"\u001b[1;38;5;39mCOMET INFO:\u001b[0m     degrees             : 0.0\n","stderr":true},"type":"standard_output"}
{"payload":{"local_timestamp":1716986102334,"message_id":254,"output":"\u001b[1;38;5;39mCOMET INFO:\u001b[0m     device              : \n","stderr":true},"type":"standard_output"}
{"payload":{"local_timestamp":1716986102341,"message_id":255,"output":"\u001b[1;38;5;39mCOMET INFO:\u001b[0m     entity              : None\n","stderr":true},"type":"standard_output"}
{"payload":{"local_timestamp":1716986102342,"message_id":256,"output":"\u001b[1;38;5;39mCOMET INFO:\u001b[0m     epochs              : 100\n","stderr":true},"type":"standard_output"}
{"payload":{"local_timestamp":1716986102343,"message_id":257,"output":"\u001b[1;38;5;39mCOMET INFO:\u001b[0m     evolve              : None\n","stderr":true},"type":"standard_output"}
{"payload":{"local_timestamp":1716986102343,"message_id":258,"output":"\u001b[1;38;5;39mCOMET INFO:\u001b[0m     evolve_population   : data\\hyps\n","stderr":true},"type":"standard_output"}
{"payload":{"local_timestamp":1716986102344,"message_id":259,"output":"\u001b[1;38;5;39mCOMET INFO:\u001b[0m     exist_ok            : False\n","stderr":true},"type":"standard_output"}
{"payload":{"local_timestamp":1716986102344,"message_id":260,"output":"\u001b[1;38;5;39mCOMET INFO:\u001b[0m     fl_gamma            : 0.0\n","stderr":true},"type":"standard_output"}
{"payload":{"local_timestamp":1716986102344,"message_id":261,"output":"\u001b[1;38;5;39mCOMET INFO:\u001b[0m     fliplr              : 0.5\n","stderr":true},"type":"standard_output"}
{"payload":{"local_timestamp":1716986102345,"message_id":262,"output":"\u001b[1;38;5;39mCOMET INFO:\u001b[0m     flipud              : 0.0\n","stderr":true},"type":"standard_output"}
{"payload":{"local_timestamp":1716986102345,"message_id":263,"output":"\u001b[1;38;5;39mCOMET INFO:\u001b[0m     freeze              : [0]\n","stderr":true},"type":"standard_output"}
{"payload":{"local_timestamp":1716986102346,"message_id":264,"output":"\u001b[1;38;5;39mCOMET INFO:\u001b[0m     hsv_h               : 0.015\n","stderr":true},"type":"standard_output"}
{"payload":{"local_timestamp":1716986102346,"message_id":265,"output":"\u001b[1;38;5;39mCOMET INFO:\u001b[0m     hsv_s               : 0.7\n","stderr":true},"type":"standard_output"}
{"payload":{"local_timestamp":1716986102347,"message_id":266,"output":"\u001b[1;38;5;39mCOMET INFO:\u001b[0m     hsv_v               : 0.4\n","stderr":true},"type":"standard_output"}
{"payload":{"local_timestamp":1716986102348,"message_id":267,"output":"\u001b[1;38;5;39mCOMET INFO:\u001b[0m     hyp|anchor_t        : 4.0\n","stderr":true},"type":"standard_output"}
{"payload":{"local_timestamp":1716986102348,"message_id":268,"output":"\u001b[1;38;5;39mCOMET INFO:\u001b[0m     hyp|box             : 0.05\n","stderr":true},"type":"standard_output"}
{"payload":{"local_timestamp":1716986102348,"message_id":269,"output":"\u001b[1;38;5;39mCOMET INFO:\u001b[0m     hyp|cls             : 0.5\n","stderr":true},"type":"standard_output"}
{"payload":{"local_timestamp":1716986102349,"message_id":270,"output":"\u001b[1;38;5;39mCOMET INFO:\u001b[0m     hyp|cls_pw          : 1.0\n","stderr":true},"type":"standard_output"}
{"payload":{"local_timestamp":1716986102349,"message_id":271,"output":"\u001b[1;38;5;39mCOMET INFO:\u001b[0m     hyp|copy_paste      : 0.0\n","stderr":true},"type":"standard_output"}
{"payload":{"local_timestamp":1716986102350,"message_id":272,"output":"\u001b[1;38;5;39mCOMET INFO:\u001b[0m     hyp|degrees         : 0.0\n","stderr":true},"type":"standard_output"}
{"payload":{"local_timestamp":1716986102350,"message_id":273,"output":"\u001b[1;38;5;39mCOMET INFO:\u001b[0m     hyp|fl_gamma        : 0.0\n","stderr":true},"type":"standard_output"}
{"payload":{"local_timestamp":1716986102351,"message_id":274,"output":"\u001b[1;38;5;39mCOMET INFO:\u001b[0m     hyp|fliplr          : 0.5\n","stderr":true},"type":"standard_output"}
{"payload":{"local_timestamp":1716986102351,"message_id":275,"output":"\u001b[1;38;5;39mCOMET INFO:\u001b[0m     hyp|flipud          : 0.0\n","stderr":true},"type":"standard_output"}
{"payload":{"local_timestamp":1716986102352,"message_id":276,"output":"\u001b[1;38;5;39mCOMET INFO:\u001b[0m     hyp|hsv_h           : 0.015\n","stderr":true},"type":"standard_output"}
{"payload":{"local_timestamp":1716986102352,"message_id":277,"output":"\u001b[1;38;5;39mCOMET INFO:\u001b[0m     hyp|hsv_s           : 0.7\n","stderr":true},"type":"standard_output"}
{"payload":{"local_timestamp":1716986102353,"message_id":278,"output":"\u001b[1;38;5;39mCOMET INFO:\u001b[0m     hyp|hsv_v           : 0.4\n","stderr":true},"type":"standard_output"}
{"payload":{"local_timestamp":1716986102353,"message_id":279,"output":"\u001b[1;38;5;39mCOMET INFO:\u001b[0m     hyp|iou_t           : 0.2\n","stderr":true},"type":"standard_output"}
{"payload":{"local_timestamp":1716986102354,"message_id":280,"output":"\u001b[1;38;5;39mCOMET INFO:\u001b[0m     hyp|lr0             : 0.01\n","stderr":true},"type":"standard_output"}
{"payload":{"local_timestamp":1716986102354,"message_id":281,"output":"\u001b[1;38;5;39mCOMET INFO:\u001b[0m     hyp|lrf             : 0.01\n","stderr":true},"type":"standard_output"}
{"payload":{"local_timestamp":1716986102354,"message_id":282,"output":"\u001b[1;38;5;39mCOMET INFO:\u001b[0m     hyp|mixup           : 0.0\n","stderr":true},"type":"standard_output"}
{"payload":{"local_timestamp":1716986102355,"message_id":283,"output":"\u001b[1;38;5;39mCOMET INFO:\u001b[0m     hyp|momentum        : 0.937\n","stderr":true},"type":"standard_output"}
{"payload":{"local_timestamp":1716986102355,"message_id":284,"output":"\u001b[1;38;5;39mCOMET INFO:\u001b[0m     hyp|mosaic          : 1.0\n","stderr":true},"type":"standard_output"}
{"payload":{"local_timestamp":1716986102356,"message_id":285,"output":"\u001b[1;38;5;39mCOMET INFO:\u001b[0m     hyp|obj             : 1.0\n","stderr":true},"type":"standard_output"}
{"payload":{"local_timestamp":1716986102356,"message_id":286,"output":"\u001b[1;38;5;39mCOMET INFO:\u001b[0m     hyp|obj_pw          : 1.0\n","stderr":true},"type":"standard_output"}
{"payload":{"local_timestamp":1716986102357,"message_id":287,"output":"\u001b[1;38;5;39mCOMET INFO:\u001b[0m     hyp|perspective     : 0.0\n","stderr":true},"type":"standard_output"}
{"payload":{"local_timestamp":1716986102357,"message_id":288,"output":"\u001b[1;38;5;39mCOMET INFO:\u001b[0m     hyp|scale           : 0.5\n","stderr":true},"type":"standard_output"}
{"payload":{"local_timestamp":1716986102358,"message_id":289,"output":"\u001b[1;38;5;39mCOMET INFO:\u001b[0m     hyp|shear           : 0.0\n","stderr":true},"type":"standard_output"}
{"payload":{"local_timestamp":1716986102359,"message_id":290,"output":"\u001b[1;38;5;39mCOMET INFO:\u001b[0m     hyp|translate       : 0.1\n","stderr":true},"type":"standard_output"}
{"payload":{"local_timestamp":1716986102360,"message_id":291,"output":"\u001b[1;38;5;39mCOMET INFO:\u001b[0m     hyp|warmup_bias_lr  : 0.1\n","stderr":true},"type":"standard_output"}
{"payload":{"local_timestamp":1716986102361,"message_id":292,"output":"\u001b[1;38;5;39mCOMET INFO:\u001b[0m     hyp|warmup_epochs   : 3.0\n","stderr":true},"type":"standard_output"}
{"payload":{"local_timestamp":1716986102361,"message_id":293,"output":"\u001b[1;38;5;39mCOMET INFO:\u001b[0m     hyp|warmup_momentum : 0.8\n","stderr":true},"type":"standard_output"}
{"payload":{"local_timestamp":1716986102362,"message_id":294,"output":"\u001b[1;38;5;39mCOMET INFO:\u001b[0m     hyp|weight_decay    : 0.0005\n","stderr":true},"type":"standard_output"}
{"payload":{"local_timestamp":1716986102363,"message_id":295,"output":"\u001b[1;38;5;39mCOMET INFO:\u001b[0m     image_weights       : False\n","stderr":true},"type":"standard_output"}
{"payload":{"local_timestamp":1716986102363,"message_id":296,"output":"\u001b[1;38;5;39mCOMET INFO:\u001b[0m     imgsz               : 640\n","stderr":true},"type":"standard_output"}
{"payload":{"local_timestamp":1716986102364,"message_id":297,"output":"\u001b[1;38;5;39mCOMET INFO:\u001b[0m     iou_t               : 0.2\n","stderr":true},"type":"standard_output"}
{"payload":{"local_timestamp":1716986102365,"message_id":298,"output":"\u001b[1;38;5;39mCOMET INFO:\u001b[0m     label_smoothing     : 0.0\n","stderr":true},"type":"standard_output"}
{"payload":{"local_timestamp":1716986102365,"message_id":299,"output":"\u001b[1;38;5;39mCOMET INFO:\u001b[0m     local_rank          : -1\n","stderr":true},"type":"standard_output"}
{"payload":{"local_timestamp":1716986102366,"message_id":300,"output":"\u001b[1;38;5;39mCOMET INFO:\u001b[0m     lr0                 : 0.01\n","stderr":true},"type":"standard_output"}
{"payload":{"local_timestamp":1716986102367,"message_id":301,"output":"\u001b[1;38;5;39mCOMET INFO:\u001b[0m     lrf                 : 0.01\n","stderr":true},"type":"standard_output"}
{"payload":{"local_timestamp":1716986102367,"message_id":302,"output":"\u001b[1;38;5;39mCOMET INFO:\u001b[0m     mixup               : 0.0\n","stderr":true},"type":"standard_output"}
{"payload":{"local_timestamp":1716986102368,"message_id":303,"output":"\u001b[1;38;5;39mCOMET INFO:\u001b[0m     momentum            : 0.937\n","stderr":true},"type":"standard_output"}
{"payload":{"local_timestamp":1716986102368,"message_id":304,"output":"\u001b[1;38;5;39mCOMET INFO:\u001b[0m     mosaic              : 1.0\n","stderr":true},"type":"standard_output"}
{"payload":{"local_timestamp":1716986102369,"message_id":305,"output":"\u001b[1;38;5;39mCOMET INFO:\u001b[0m     multi_scale         : False\n","stderr":true},"type":"standard_output"}
{"payload":{"local_timestamp":1716986102370,"message_id":306,"output":"\u001b[1;38;5;39mCOMET INFO:\u001b[0m     name                : exp\n","stderr":true},"type":"standard_output"}
{"payload":{"local_timestamp":1716986102370,"message_id":307,"output":"\u001b[1;38;5;39mCOMET INFO:\u001b[0m     ndjson_console      : False\n","stderr":true},"type":"standard_output"}
{"payload":{"local_timestamp":1716986102371,"message_id":308,"output":"\u001b[1;38;5;39mCOMET INFO:\u001b[0m     ndjson_file         : False\n","stderr":true},"type":"standard_output"}
{"payload":{"local_timestamp":1716986102372,"message_id":309,"output":"\u001b[1;38;5;39mCOMET INFO:\u001b[0m     noautoanchor        : False\n","stderr":true},"type":"standard_output"}
{"payload":{"local_timestamp":1716986102373,"message_id":310,"output":"\u001b[1;38;5;39mCOMET INFO:\u001b[0m     noplots             : False\n","stderr":true},"type":"standard_output"}
{"payload":{"local_timestamp":1716986102373,"message_id":311,"output":"\u001b[1;38;5;39mCOMET INFO:\u001b[0m     nosave              : False\n","stderr":true},"type":"standard_output"}
{"payload":{"local_timestamp":1716986102373,"message_id":312,"output":"\u001b[1;38;5;39mCOMET INFO:\u001b[0m     noval               : False\n","stderr":true},"type":"standard_output"}
{"payload":{"local_timestamp":1716986102373,"message_id":313,"output":"\u001b[1;38;5;39mCOMET INFO:\u001b[0m     obj                 : 1.0\n","stderr":true},"type":"standard_output"}
{"payload":{"local_timestamp":1716986102373,"message_id":314,"output":"\u001b[1;38;5;39mCOMET INFO:\u001b[0m     obj_pw              : 1.0\n","stderr":true},"type":"standard_output"}
{"payload":{"local_timestamp":1716986102373,"message_id":315,"output":"\u001b[1;38;5;39mCOMET INFO:\u001b[0m     optimizer           : SGD\n","stderr":true},"type":"standard_output"}
{"payload":{"local_timestamp":1716986102373,"message_id":316,"output":"\u001b[1;38;5;39mCOMET INFO:\u001b[0m     patience            : 100\n","stderr":true},"type":"standard_output"}
{"payload":{"local_timestamp":1716986102373,"message_id":317,"output":"\u001b[1;38;5;39mCOMET INFO:\u001b[0m     perspective         : 0.0\n","stderr":true},"type":"standard_output"}
{"payload":{"local_timestamp":1716986102373,"message_id":318,"output":"\u001b[1;38;5;39mCOMET INFO:\u001b[0m     project             : runs\\train\n","stderr":true},"type":"standard_output"}
{"payload":{"local_timestamp":1716986102373,"message_id":319,"output":"\u001b[1;38;5;39mCOMET INFO:\u001b[0m     quad                : False\n","stderr":true},"type":"standard_output"}
{"payload":{"local_timestamp":1716986102381,"message_id":320,"output":"\u001b[1;38;5;39mCOMET INFO:\u001b[0m     rect                : False\n","stderr":true},"type":"standard_output"}
{"payload":{"local_timestamp":1716986102382,"message_id":321,"output":"\u001b[1;38;5;39mCOMET INFO:\u001b[0m     resume              : False\n","stderr":true},"type":"standard_output"}
{"payload":{"local_timestamp":1716986102382,"message_id":322,"output":"\u001b[1;38;5;39mCOMET INFO:\u001b[0m     resume_evolve       : None\n","stderr":true},"type":"standard_output"}
{"payload":{"local_timestamp":1716986102383,"message_id":323,"output":"\u001b[1;38;5;39mCOMET INFO:\u001b[0m     save_dir            : runs\\train\\exp16\n","stderr":true},"type":"standard_output"}
{"payload":{"local_timestamp":1716986102383,"message_id":324,"output":"\u001b[1;38;5;39mCOMET INFO:\u001b[0m     save_period         : -1\n","stderr":true},"type":"standard_output"}
{"payload":{"local_timestamp":1716986102384,"message_id":325,"output":"\u001b[1;38;5;39mCOMET INFO:\u001b[0m     scale               : 0.5\n","stderr":true},"type":"standard_output"}
{"payload":{"local_timestamp":1716986102384,"message_id":326,"output":"\u001b[1;38;5;39mCOMET INFO:\u001b[0m     seed                : 0\n","stderr":true},"type":"standard_output"}
{"payload":{"local_timestamp":1716986102385,"message_id":327,"output":"\u001b[1;38;5;39mCOMET INFO:\u001b[0m     shear               : 0.0\n","stderr":true},"type":"standard_output"}
{"payload":{"local_timestamp":1716986102386,"message_id":328,"output":"\u001b[1;38;5;39mCOMET INFO:\u001b[0m     single_cls          : False\n","stderr":true},"type":"standard_output"}
{"payload":{"local_timestamp":1716986102386,"message_id":329,"output":"\u001b[1;38;5;39mCOMET INFO:\u001b[0m     sync_bn             : False\n","stderr":true},"type":"standard_output"}
{"payload":{"local_timestamp":1716986102386,"message_id":330,"output":"\u001b[1;38;5;39mCOMET INFO:\u001b[0m     translate           : 0.1\n","stderr":true},"type":"standard_output"}
{"payload":{"local_timestamp":1716986102386,"message_id":331,"output":"\u001b[1;38;5;39mCOMET INFO:\u001b[0m     upload_dataset      : False\n","stderr":true},"type":"standard_output"}
{"payload":{"local_timestamp":1716986102386,"message_id":332,"output":"\u001b[1;38;5;39mCOMET INFO:\u001b[0m     val_conf_threshold  : 0.001\n","stderr":true},"type":"standard_output"}
{"payload":{"local_timestamp":1716986102386,"message_id":333,"output":"\u001b[1;38;5;39mCOMET INFO:\u001b[0m     val_iou_threshold   : 0.6\n","stderr":true},"type":"standard_output"}
{"payload":{"local_timestamp":1716986102386,"message_id":334,"output":"\u001b[1;38;5;39mCOMET INFO:\u001b[0m     warmup_bias_lr      : 0.1\n","stderr":true},"type":"standard_output"}
{"payload":{"local_timestamp":1716986102386,"message_id":335,"output":"\u001b[1;38;5;39mCOMET INFO:\u001b[0m     warmup_epochs       : 3.0\n","stderr":true},"type":"standard_output"}
{"payload":{"local_timestamp":1716986102386,"message_id":336,"output":"\u001b[1;38;5;39mCOMET INFO:\u001b[0m     warmup_momentum     : 0.8\n","stderr":true},"type":"standard_output"}
{"payload":{"local_timestamp":1716986102386,"message_id":337,"output":"\u001b[1;38;5;39mCOMET INFO:\u001b[0m     weight_decay        : 0.0005\n","stderr":true},"type":"standard_output"}
{"payload":{"local_timestamp":1716986102394,"message_id":338,"output":"\u001b[1;38;5;39mCOMET INFO:\u001b[0m     weights             :  \n","stderr":true},"type":"standard_output"}
{"payload":{"local_timestamp":1716986102394,"message_id":339,"output":"\u001b[1;38;5;39mCOMET INFO:\u001b[0m     workers             : 8\n","stderr":true},"type":"standard_output"}
{"payload":{"local_timestamp":1716986102395,"message_id":340,"output":"\u001b[1;38;5;39mCOMET INFO:\u001b[0m   Uploads:\n","stderr":true},"type":"standard_output"}
{"payload":{"local_timestamp":1716986102395,"message_id":341,"output":"\u001b[1;38;5;39mCOMET INFO:\u001b[0m     asset                        : 3 (2.75 KB)\n","stderr":true},"type":"standard_output"}
{"payload":{"local_timestamp":1716986102396,"message_id":342,"output":"\u001b[1;38;5;39mCOMET INFO:\u001b[0m     conda-environment-definition : 1\n","stderr":true},"type":"standard_output"}
{"payload":{"local_timestamp":1716986102396,"message_id":343,"output":"\u001b[1;38;5;39mCOMET INFO:\u001b[0m     conda-info                   : 1\n","stderr":true},"type":"standard_output"}
{"payload":{"local_timestamp":1716986102397,"message_id":344,"output":"\u001b[1;38;5;39mCOMET INFO:\u001b[0m     conda-specification          : 1\n","stderr":true},"type":"standard_output"}
{"payload":{"local_timestamp":1716986102398,"message_id":345,"output":"\u001b[1;38;5;39mCOMET INFO:\u001b[0m     environment details          : 1\n","stderr":true},"type":"standard_output"}
{"payload":{"local_timestamp":1716986102398,"message_id":346,"output":"\u001b[1;38;5;39mCOMET INFO:\u001b[0m     git metadata                 : 1\n","stderr":true},"type":"standard_output"}
{"payload":{"local_timestamp":1716986102399,"message_id":347,"output":"\u001b[1;38;5;39mCOMET INFO:\u001b[0m     installed packages           : 1\n","stderr":true},"type":"standard_output"}
{"payload":{"local_timestamp":1716986102399,"message_id":348,"output":"\u001b[1;38;5;39mCOMET INFO:\u001b[0m \n","stderr":true},"type":"standard_output"}
