{"payload":{"installed_packages":["attrs==23.2.0","brotli==1.0.9","certifi==2024.2.2","charset-normalizer==2.0.4","click==8.1.7","colorama==0.4.6","comet-ml==3.42.1","configobj==5.0.8","contourpy==1.2.1","cycler==0.12.1","docker-pycreds==0.4.0","dulwich==0.22.1","everett==3.1.0","filelock==3.13.1","fonttools==4.51.0","fsspec==2024.5.0","gitdb==4.0.11","gitpython==3.1.43","gmpy2==2.1.2","idna==3.7","jinja2==3.1.3","jsonschema==4.22.0","jsonschema-specifications==2023.12.1","kiwisolver==1.4.5","markdown-it-py==3.0.0","markupsafe==2.1.3","matplotlib==3.9.0","mdurl==0.1.2","mkl-fft==1.3.8","mkl-random==1.2.4","mkl-service==2.4.0","mpmath==1.3.0","networkx==3.1","numpy==1.26.4","opencv-python==4.9.0.80","packaging==24.0","pandas==2.2.2","pillow==10.3.0","pip==24.0","platformdirs==4.2.2","protobuf==4.25.3","psutil==5.9.8","py-cpuinfo==9.0.0","pygments==2.18.0","pyparsing==3.1.2","pysocks==1.7.1","python-box==6.1.0","python-dateutil==2.9.0.post0","pytz==2024.1","pyyaml==6.0.1","referencing==0.35.1","requests==2.32.2","requests-toolbelt==1.0.0","rich==13.7.1","rpds-py==0.18.1","scipy==1.13.1","seaborn==0.13.2","semantic-version==2.10.0","sentry-sdk==2.3.1","setproctitle==1.3.3","setuptools==69.5.1","simplejson==3.19.2","six==1.16.0","smmap==5.0.1","sympy==1.12","thop==0.1.1-2209072238","torch==2.1.0","torchaudio==2.1.0","torchvision==0.16.0","tqdm==4.66.4","typing_extensions==4.11.0","tzdata==2024.1","ultralytics==8.2.20","urllib3==2.2.1","wandb==0.17.0","wheel==0.43.0","win-inet-pton==1.1.0","wrapt==1.16.0","wurlitzer==3.1.0"],"message_id":1},"type":"installed_packages"}
{"payload":{"command":["train.py","--img","640","--batch","16","--epochs","5","--data","coco128.yaml","--weights","yolov5s.pt"],"env":null,"hostname":"LAPTOP-2J5KTU6B","ip":"172.23.245.91","machine":"AMD64","message_id":2,"os":"Windows-10-10.0.22631-SP0","os_release":"10","os_type":"Windows","pid":26216,"processor":"Intel64 Family 6 Model 142 Stepping 11, GenuineIntel","python_exe":"D:\\Anaconda\\envs\\yolo\\python.exe","python_version":"3.10.14","python_version_verbose":"3.10.14 | packaged by Anaconda, Inc. | (main, May  6 2024, 19:44:50) [MSC v.1916 64 bit (AMD64)]","user":"T490"},"type":"system_details"}
{"payload":{"gpu_static_info":[{"gpu_index":0,"name":"NVIDIA GeForce RTX 2080 Ti","power_limit":260000,"total_memory":11811160064,"uuid":"GPU-b72c6149-13a9-a55d-7c71-d79b348815ca"},{"gpu_index":1,"name":"NVIDIA GeForce MX250","power_limit":null,"total_memory":2147483648,"uuid":"GPU-10c147ce-086f-9053-7e3d-b495a9afa826"}],"message_id":3},"type":"gpu_static_info"}
{"payload":{"local_timestamp":1716979354220,"message_id":4,"metric":{"epoch":null,"metricName":"sys.gpu.0.total_memory","metricValue":11811160064,"step":null}},"type":"metric_msg"}
{"payload":{"local_timestamp":1716979354220,"message_id":5,"metric":{"epoch":null,"metricName":"sys.gpu.1.total_memory","metricValue":2147483648,"step":null}},"type":"metric_msg"}
{"payload":{"local_timestamp":1716979354221,"message_id":6,"param":{"paramName":"img","paramValue":640,"source":"cli","step":null}},"type":"parameter_msg"}
{"payload":{"local_timestamp":1716979354222,"message_id":7,"param":{"paramName":"batch","paramValue":16,"source":"cli","step":null}},"type":"parameter_msg"}
{"payload":{"local_timestamp":1716979354222,"message_id":8,"param":{"paramName":"epochs","paramValue":5,"source":"cli","step":null}},"type":"parameter_msg"}
{"payload":{"local_timestamp":1716979354222,"message_id":9,"param":{"paramName":"data","paramValue":"coco128.yaml","source":"cli","step":null}},"type":"parameter_msg"}
{"payload":{"local_timestamp":1716979354222,"message_id":10,"param":{"paramName":"weights","paramValue":"yolov5s.pt","source":"cli","step":null}},"type":"parameter_msg"}
{"payload":{"key":"offline_experiment","message_id":11,"value":true},"type":"log_other"}
{"payload":{"key":"Name","message_id":12,"value":"exp"},"type":"log_other"}
{"payload":{"local_timestamp":1716979354226,"message_id":13,"output":"Traceback (most recent call last):\n","stderr":true},"type":"standard_output"}
{"payload":{"local_timestamp":1716979354227,"message_id":14,"output":"  File \"E:\\KIT\\code_projects\\cv_yolo\\yolov5\\train.py\", line 848, in <module>\n    main(opt)\n","stderr":true},"type":"standard_output"}
{"payload":{"local_timestamp":1716979354228,"message_id":15,"metric":{"epoch":null,"metricName":"sys.gpu.0.gpu_utilization","metricValue":2,"step":null}},"type":"metric_msg"}
{"payload":{"local_timestamp":1716979354228,"message_id":16,"metric":{"epoch":null,"metricName":"sys.gpu.0.power_usage","metricValue":19157,"step":null}},"type":"metric_msg"}
{"payload":{"local_timestamp":1716979354228,"message_id":17,"metric":{"epoch":null,"metricName":"sys.gpu.0.temperature","metricValue":32,"step":null}},"type":"metric_msg"}
{"payload":{"local_timestamp":1716979354228,"message_id":18,"metric":{"epoch":null,"metricName":"sys.gpu.0.memory_utilization","metricValue":2,"step":null}},"type":"metric_msg"}
{"payload":{"local_timestamp":1716979354228,"message_id":19,"metric":{"epoch":null,"metricName":"sys.gpu.0.free_memory","metricValue":10929156096,"step":null}},"type":"metric_msg"}
{"payload":{"local_timestamp":1716979354228,"message_id":20,"metric":{"epoch":null,"metricName":"sys.gpu.0.used_memory","metricValue":882003968,"step":null}},"type":"metric_msg"}
{"payload":{"local_timestamp":1716979354228,"message_id":21,"metric":{"epoch":null,"metricName":"sys.gpu.0.percent.used_memory","metricValue":7.467547329989347,"step":null}},"type":"metric_msg"}
{"payload":{"local_timestamp":1716979354228,"message_id":22,"metric":{"epoch":null,"metricName":"sys.gpu.1.gpu_utilization","metricValue":0,"step":null}},"type":"metric_msg"}
{"payload":{"local_timestamp":1716979354228,"message_id":23,"metric":{"epoch":null,"metricName":"sys.gpu.1.temperature","metricValue":47,"step":null}},"type":"metric_msg"}
{"payload":{"local_timestamp":1716979354228,"message_id":24,"metric":{"epoch":null,"metricName":"sys.gpu.1.memory_utilization","metricValue":0,"step":null}},"type":"metric_msg"}
{"payload":{"local_timestamp":1716979354228,"message_id":25,"metric":{"epoch":null,"metricName":"sys.gpu.1.free_memory","metricValue":2064052224,"step":null}},"type":"metric_msg"}
{"payload":{"local_timestamp":1716979354228,"message_id":26,"metric":{"epoch":null,"metricName":"sys.gpu.1.used_memory","metricValue":83431424,"step":null}},"type":"metric_msg"}
{"payload":{"local_timestamp":1716979354228,"message_id":27,"metric":{"epoch":null,"metricName":"sys.gpu.1.percent.used_memory","metricValue":3.8850784301757812,"step":null}},"type":"metric_msg"}
{"payload":{"local_timestamp":1716979354229,"message_id":28,"output":"  File \"E:\\KIT\\code_projects\\cv_yolo\\yolov5\\train.py\", line 623, in main\n    train(opt.hyp, opt, device, callbacks)\n","stderr":true},"type":"standard_output"}
{"payload":{"local_timestamp":1716979354230,"message_id":29,"output":"  File \"E:\\KIT\\code_projects\\cv_yolo\\yolov5\\train.py\", line 153, in train\n    loggers = Loggers(\n","stderr":true},"type":"standard_output"}
{"payload":{"local_timestamp":1716979354233,"message_id":30,"output":"  File \"E:\\KIT\\code_projects\\cv_yolo\\yolov5\\utils\\loggers\\__init__.py\", line 148, in __init__\n    self.comet_logger = CometLogger(self.opt, self.hyp)\n","stderr":true},"type":"standard_output"}
{"payload":{"local_timestamp":1716979354234,"message_id":31,"output":"  File \"E:\\KIT\\code_projects\\cv_yolo\\yolov5\\utils\\loggers\\comet\\__init__.py\", line 97, in __init__\n    self.data_dict = self.check_dataset(self.opt.data)\n","stderr":true},"type":"standard_output"}
{"payload":{"local_timestamp":1716979354235,"message_id":32,"output":"  File \"E:\\KIT\\code_projects\\cv_yolo\\yolov5\\utils\\loggers\\comet\\__init__.py\", line 247, in check_dataset\n    data_config = yaml.safe_load(f)\n","stderr":true},"type":"standard_output"}
{"payload":{"local_timestamp":1716979354236,"message_id":33,"output":"  File \"D:\\Anaconda\\envs\\yolo\\lib\\site-packages\\yaml\\__init__.py\", line 125, in safe_load\n    return load(stream, SafeLoader)\n","stderr":true},"type":"standard_output"}
{"payload":{"local_timestamp":1716979354239,"message_id":34,"output":"  File \"D:\\Anaconda\\envs\\yolo\\lib\\site-packages\\yaml\\__init__.py\", line 79, in load\n    loader = Loader(stream)\n","stderr":true},"type":"standard_output"}
{"payload":{"local_timestamp":1716979354240,"message_id":35,"output":"  File \"D:\\Anaconda\\envs\\yolo\\lib\\site-packages\\yaml\\loader.py\", line 34, in __init__\n    Reader.__init__(self, stream)\n","stderr":true},"type":"standard_output"}
{"payload":{"local_timestamp":1716979354241,"message_id":36,"output":"  File \"D:\\Anaconda\\envs\\yolo\\lib\\site-packages\\yaml\\reader.py\", line 85, in __init__\n    self.determine_encoding()\n","stderr":true},"type":"standard_output"}
{"payload":{"local_timestamp":1716979354247,"message_id":37,"output":"  File \"D:\\Anaconda\\envs\\yolo\\lib\\site-packages\\yaml\\reader.py\", line 124, in determine_encoding\n    self.update_raw()\n","stderr":true},"type":"standard_output"}
{"payload":{"local_timestamp":1716979354248,"message_id":38,"output":"  File \"D:\\Anaconda\\envs\\yolo\\lib\\site-packages\\yaml\\reader.py\", line 178, in update_raw\n    data = self.stream.read(size)\n","stderr":true},"type":"standard_output"}
{"payload":{"local_timestamp":1716979354251,"message_id":39,"output":"UnicodeDecodeError: 'gbk' codec can't decode byte 0x80 in position 238: illegal multibyte sequence\n","stderr":true},"type":"standard_output"}
{"payload":{"local_timestamp":1716979354252,"message_id":40,"output":"Traceback (most recent call last):\n","stderr":true},"type":"standard_output"}
{"payload":{"local_timestamp":1716979354253,"message_id":41,"output":"  File \"E:\\KIT\\code_projects\\cv_yolo\\yolov5\\train.py\", line 848, in <module>\n","stderr":true},"type":"standard_output"}
{"payload":{"local_timestamp":1716979354255,"message_id":42,"output":"    ","stderr":true},"type":"standard_output"}
{"payload":{"local_timestamp":1716979354255,"message_id":43,"output":"main(opt)","stderr":true},"type":"standard_output"}
{"payload":{"local_timestamp":1716979354256,"message_id":44,"output":"\n","stderr":true},"type":"standard_output"}
{"payload":{"local_timestamp":1716979354257,"message_id":45,"output":"  File \"E:\\KIT\\code_projects\\cv_yolo\\yolov5\\train.py\", line 623, in main\n","stderr":true},"type":"standard_output"}
{"payload":{"local_timestamp":1716979354260,"message_id":46,"output":"    ","stderr":true},"type":"standard_output"}
{"payload":{"local_timestamp":1716979354260,"message_id":47,"output":"train(opt.hyp, opt, device, callbacks)","stderr":true},"type":"standard_output"}
{"payload":{"local_timestamp":1716979354262,"message_id":48,"output":"\n","stderr":true},"type":"standard_output"}
{"payload":{"local_timestamp":1716979354262,"message_id":49,"output":"  File \"E:\\KIT\\code_projects\\cv_yolo\\yolov5\\train.py\", line 153, in train\n","stderr":true},"type":"standard_output"}
{"payload":{"local_timestamp":1716979354264,"message_id":50,"output":"    ","stderr":true},"type":"standard_output"}
{"payload":{"local_timestamp":1716979354264,"message_id":51,"output":"loggers = Loggers(","stderr":true},"type":"standard_output"}
{"payload":{"local_timestamp":1716979354265,"message_id":52,"output":"\n","stderr":true},"type":"standard_output"}
{"payload":{"local_timestamp":1716979354266,"message_id":53,"output":"  File \"E:\\KIT\\code_projects\\cv_yolo\\yolov5\\utils\\loggers\\__init__.py\", line 148, in __init__\n","stderr":true},"type":"standard_output"}
{"payload":{"local_timestamp":1716979354267,"message_id":54,"output":"    ","stderr":true},"type":"standard_output"}
{"payload":{"local_timestamp":1716979354267,"message_id":55,"output":"self.comet_logger = CometLogger(self.opt, self.hyp)","stderr":true},"type":"standard_output"}
{"payload":{"local_timestamp":1716979354268,"message_id":56,"output":"\n","stderr":true},"type":"standard_output"}
{"payload":{"local_timestamp":1716979354270,"message_id":57,"output":"  File \"E:\\KIT\\code_projects\\cv_yolo\\yolov5\\utils\\loggers\\comet\\__init__.py\", line 97, in __init__\n","stderr":true},"type":"standard_output"}
{"payload":{"local_timestamp":1716979354271,"message_id":58,"output":"    ","stderr":true},"type":"standard_output"}
{"payload":{"local_timestamp":1716979354271,"message_id":59,"output":"self.data_dict = self.check_dataset(self.opt.data)","stderr":true},"type":"standard_output"}
{"payload":{"local_timestamp":1716979354272,"message_id":60,"output":"\n","stderr":true},"type":"standard_output"}
{"payload":{"local_timestamp":1716979354272,"message_id":61,"output":"  File \"E:\\KIT\\code_projects\\cv_yolo\\yolov5\\utils\\loggers\\comet\\__init__.py\", line 247, in check_dataset\n","stderr":true},"type":"standard_output"}
{"payload":{"local_timestamp":1716979354273,"message_id":62,"output":"    ","stderr":true},"type":"standard_output"}
{"payload":{"local_timestamp":1716979354273,"message_id":63,"output":"data_config = yaml.safe_load(f)","stderr":true},"type":"standard_output"}
{"payload":{"local_timestamp":1716979354278,"message_id":64,"output":"\n","stderr":true},"type":"standard_output"}
{"payload":{"local_timestamp":1716979354278,"message_id":65,"output":"  File \"D:\\Anaconda\\envs\\yolo\\lib\\site-packages\\yaml\\__init__.py\", line 125, in safe_load\n","stderr":true},"type":"standard_output"}
{"payload":{"local_timestamp":1716979354280,"message_id":66,"output":"    ","stderr":true},"type":"standard_output"}
{"payload":{"local_timestamp":1716979354280,"message_id":67,"output":"return load(stream, SafeLoader)","stderr":true},"type":"standard_output"}
{"payload":{"local_timestamp":1716979354281,"message_id":68,"output":"\n","stderr":true},"type":"standard_output"}
{"payload":{"local_timestamp":1716979354281,"message_id":69,"output":"  File \"D:\\Anaconda\\envs\\yolo\\lib\\site-packages\\yaml\\__init__.py\", line 79, in load\n","stderr":true},"type":"standard_output"}
{"payload":{"local_timestamp":1716979354282,"message_id":70,"output":"    ","stderr":true},"type":"standard_output"}
{"payload":{"local_timestamp":1716979354283,"message_id":71,"output":"loader = Loader(stream)","stderr":true},"type":"standard_output"}
{"payload":{"local_timestamp":1716979354283,"message_id":72,"output":"\n","stderr":true},"type":"standard_output"}
{"payload":{"local_timestamp":1716979354284,"message_id":73,"output":"  File \"D:\\Anaconda\\envs\\yolo\\lib\\site-packages\\yaml\\loader.py\", line 34, in __init__\n","stderr":true},"type":"standard_output"}
{"payload":{"local_timestamp":1716979354285,"message_id":74,"output":"    ","stderr":true},"type":"standard_output"}
{"payload":{"local_timestamp":1716979354289,"message_id":75,"output":"Reader.__init__(self, stream)","stderr":true},"type":"standard_output"}
{"payload":{"local_timestamp":1716979354289,"message_id":76,"output":"\n","stderr":true},"type":"standard_output"}
{"payload":{"local_timestamp":1716979354290,"message_id":77,"output":"  File \"D:\\Anaconda\\envs\\yolo\\lib\\site-packages\\yaml\\reader.py\", line 85, in __init__\n","stderr":true},"type":"standard_output"}
{"payload":{"local_timestamp":1716979354291,"message_id":78,"output":"    ","stderr":true},"type":"standard_output"}
{"payload":{"local_timestamp":1716979354292,"message_id":79,"output":"self.determine_encoding()","stderr":true},"type":"standard_output"}
{"payload":{"local_timestamp":1716979354294,"message_id":80,"output":"\n","stderr":true},"type":"standard_output"}
{"payload":{"local_timestamp":1716979354295,"message_id":81,"output":"  File \"D:\\Anaconda\\envs\\yolo\\lib\\site-packages\\yaml\\reader.py\", line 124, in determine_encoding\n","stderr":true},"type":"standard_output"}
{"payload":{"local_timestamp":1716979354295,"message_id":82,"output":"    ","stderr":true},"type":"standard_output"}
{"payload":{"local_timestamp":1716979354297,"message_id":83,"output":"self.update_raw()","stderr":true},"type":"standard_output"}
{"payload":{"local_timestamp":1716979354298,"message_id":84,"output":"\n","stderr":true},"type":"standard_output"}
{"payload":{"local_timestamp":1716979354299,"message_id":85,"output":"  File \"D:\\Anaconda\\envs\\yolo\\lib\\site-packages\\yaml\\reader.py\", line 178, in update_raw\n","stderr":true},"type":"standard_output"}
{"payload":{"local_timestamp":1716979354300,"message_id":86,"output":"    ","stderr":true},"type":"standard_output"}
{"payload":{"local_timestamp":1716979354301,"message_id":87,"output":"data = self.stream.read(size)","stderr":true},"type":"standard_output"}
{"payload":{"local_timestamp":1716979354301,"message_id":88,"output":"\n","stderr":true},"type":"standard_output"}
{"payload":{"local_timestamp":1716979354302,"message_id":89,"output":"UnicodeDecodeError","stderr":true},"type":"standard_output"}
{"payload":{"local_timestamp":1716979354302,"message_id":90,"output":": ","stderr":true},"type":"standard_output"}
{"payload":{"local_timestamp":1716979354303,"message_id":91,"output":"'gbk' codec can't decode byte 0x80 in position 238: illegal multibyte sequence","stderr":true},"type":"standard_output"}
{"payload":{"local_timestamp":1716979354303,"message_id":92,"output":"\n","stderr":true},"type":"standard_output"}
{"payload":{"local_timestamp":1716979354726,"message_id":93,"metric":{"epoch":null,"metricName":"sys.cpu.percent.avg","metricValue":0.0,"step":null}},"type":"metric_msg"}
{"payload":{"local_timestamp":1716979354726,"message_id":94,"metric":{"epoch":null,"metricName":"sys.ram.total","metricValue":25505275904,"step":null}},"type":"metric_msg"}
{"payload":{"local_timestamp":1716979354726,"message_id":95,"metric":{"epoch":null,"metricName":"sys.ram.used","metricValue":15577739264,"step":null}},"type":"metric_msg"}
{"payload":{"local_timestamp":1716979354726,"message_id":96,"metric":{"epoch":null,"metricName":"sys.ram.available","metricValue":9927536640,"step":null}},"type":"metric_msg"}
{"payload":{"local_timestamp":1716979354726,"message_id":97,"metric":{"epoch":null,"metricName":"sys.ram.percent.used","metricValue":61.1,"step":null}},"type":"metric_msg"}
{"payload":{"local_timestamp":1716979354726,"message_id":98,"metric":{"epoch":null,"metricName":"sys.load.avg","metricValue":0.0,"step":null}},"type":"metric_msg"}
{"payload":{"git_metadata":{"branch":"refs/heads/master","origin":"https://github.com/zsheddie/yolov5-1.git","parent":"ecfd54f8956c9160bb9e1a91d6842ad750ee3477","repo_name":"yolov5-1","root":"1e84a23f38fad9e52b59101e9f1246d93066ed1e","status":null,"user":"zsheddie"},"message_id":99},"type":"git_metadata"}
{"payload":{"additional_params":{"assetId":"1133f79dfbea467a92d506420a2d3ae4","context":null,"epoch":null,"extension":"yml","fileName":"conda-environment.yml","overwrite":false,"runId":null,"step":null,"type":"conda-environment-definition"},"clean":true,"file_path":"tmpg188rq77","local_timestamp":1716979358738,"message_id":100,"metadata":{},"upload_type":"conda-environment-definition"},"type":"file_upload"}
{"payload":{"additional_params":{"assetId":"c8c127e58daf4d45b1236ad01880aade","context":null,"epoch":null,"extension":"txt","fileName":"conda-spec.txt","overwrite":false,"runId":null,"step":null,"type":"conda-specification"},"clean":true,"file_path":"tmpisgsktxv","local_timestamp":1716979360399,"message_id":101,"metadata":{},"upload_type":"conda-specification"},"type":"file_upload"}
{"payload":{"additional_params":{"assetId":"1ef791b241434fe4920cd7c2cbb325f9","context":null,"epoch":null,"extension":"yml","fileName":"conda-info.yml","overwrite":false,"runId":null,"step":null,"type":"conda-info"},"clean":true,"file_path":"tmpcdj1s6jr","local_timestamp":1716979363783,"message_id":102,"metadata":{},"upload_type":"conda-info"},"type":"file_upload"}
{"payload":{"local_timestamp":1716979363785,"message_id":103,"output":"\u001b[1;38;5;39mCOMET INFO:\u001b[0m ---------------------------------------------------------------------------------------\n","stderr":true},"type":"standard_output"}
{"payload":{"local_timestamp":1716979363786,"message_id":104,"output":"\u001b[1;38;5;39mCOMET INFO:\u001b[0m Comet.ml OfflineExperiment Summary\n","stderr":true},"type":"standard_output"}
{"payload":{"local_timestamp":1716979363787,"message_id":105,"output":"\u001b[1;38;5;39mCOMET INFO:\u001b[0m ---------------------------------------------------------------------------------------\n","stderr":true},"type":"standard_output"}
{"payload":{"local_timestamp":1716979363788,"message_id":106,"output":"\u001b[1;38;5;39mCOMET INFO:\u001b[0m   Data:\n","stderr":true},"type":"standard_output"}
{"payload":{"local_timestamp":1716979363788,"message_id":107,"output":"\u001b[1;38;5;39mCOMET INFO:\u001b[0m     display_summary_level : 1\n","stderr":true},"type":"standard_output"}
{"payload":{"local_timestamp":1716979363789,"message_id":108,"output":"\u001b[1;38;5;39mCOMET INFO:\u001b[0m     name                  : exp\n","stderr":true},"type":"standard_output"}
{"payload":{"local_timestamp":1716979363790,"message_id":109,"output":"\u001b[1;38;5;39mCOMET INFO:\u001b[0m     url                   : [OfflineExperiment will get URL after upload]\n","stderr":true},"type":"standard_output"}
{"payload":{"local_timestamp":1716979363792,"message_id":110,"output":"\u001b[1;38;5;39mCOMET INFO:\u001b[0m   Others:\n","stderr":true},"type":"standard_output"}
{"payload":{"local_timestamp":1716979363801,"message_id":111,"output":"\u001b[1;38;5;39mCOMET INFO:\u001b[0m     Name               : exp\n","stderr":true},"type":"standard_output"}
{"payload":{"local_timestamp":1716979363802,"message_id":112,"output":"\u001b[1;38;5;39mCOMET INFO:\u001b[0m     offline_experiment : True\n","stderr":true},"type":"standard_output"}
{"payload":{"local_timestamp":1716979363803,"message_id":113,"output":"\u001b[1;38;5;39mCOMET INFO:\u001b[0m   Uploads:\n","stderr":true},"type":"standard_output"}
{"payload":{"local_timestamp":1716979363804,"message_id":114,"output":"\u001b[1;38;5;39mCOMET INFO:\u001b[0m     conda-environment-definition : 1\n","stderr":true},"type":"standard_output"}
{"payload":{"local_timestamp":1716979363804,"message_id":115,"output":"\u001b[1;38;5;39mCOMET INFO:\u001b[0m     conda-info                   : 1\n","stderr":true},"type":"standard_output"}
{"payload":{"local_timestamp":1716979363805,"message_id":116,"output":"\u001b[1;38;5;39mCOMET INFO:\u001b[0m     conda-specification          : 1\n","stderr":true},"type":"standard_output"}
{"payload":{"local_timestamp":1716979363806,"message_id":117,"output":"\u001b[1;38;5;39mCOMET INFO:\u001b[0m     environment details          : 1\n","stderr":true},"type":"standard_output"}
{"payload":{"local_timestamp":1716979363807,"message_id":118,"output":"\u001b[1;38;5;39mCOMET INFO:\u001b[0m     git metadata                 : 1\n","stderr":true},"type":"standard_output"}
{"payload":{"local_timestamp":1716979363808,"message_id":119,"output":"\u001b[1;38;5;39mCOMET INFO:\u001b[0m     installed packages           : 1\n","stderr":true},"type":"standard_output"}
{"payload":{"local_timestamp":1716979363809,"message_id":120,"output":"\u001b[1;38;5;39mCOMET INFO:\u001b[0m \n","stderr":true},"type":"standard_output"}
