{"offline_id": "b55ddf2416bb48bc85ce708238b0d0dc", "project_name": "yolov5", "start_time": 1716981853715, "stop_time": 1716981913096, "tags": [], "workspace": null, "resume_strategy": "create", "customer_error_reported": true, "customer_error_message": "Unexpected error detected in the user script: OutOfMemoryError('Caught OutOfMemoryError in replica 0 on device 0.\\nOriginal Traceback (most recent call last):\\n  File \"D:\\\\Anaconda\\\\envs\\\\yolo\\\\lib\\\\site-packages\\\\torch\\\\nn\\\\parallel\\\\parallel_apply.py\", line 85, in _worker\\n    output = module(*input, **kwargs)\\n  File \"D:\\\\Anaconda\\\\envs\\\\yolo\\\\lib\\\\site-packages\\\\torch\\\\nn\\\\modules\\\\module.py\", line 1518, in _wrapped_call_impl\\n    return self._call_impl(*args, **kwargs)\\n  File \"D:\\\\Anaconda\\\\envs\\\\yolo\\\\lib\\\\site-packages\\\\torch\\\\nn\\\\modules\\\\module.py\", line 1527, in _call_impl\\n    return forward_call(*args, **kwargs)\\n  File \"E:\\\\KIT\\\\code_projects\\\\cv_yolo\\\\yolov5\\\\models\\\\yolo.py\", line 263, in forward\\n    return self._forward_once(x, profile, visualize)  # single-scale inference, train\\n  File \"E:\\\\KIT\\\\code_projects\\\\cv_yolo\\\\yolov5\\\\models\\\\yolo.py\", line 167, in _forward_once\\n    x = m(x)  # run\\n  File \"D:\\\\Anaconda\\\\envs\\\\yolo\\\\lib\\\\site-packages\\\\torch\\\\nn\\\\modules\\\\module.py\", line 1518, in _wrapped_call_impl\\n    return self._call_impl(*args, **kwargs)\\n  File \"D:\\\\Anaconda\\\\envs\\\\yolo\\\\lib\\\\site-packages\\\\torch\\\\nn\\\\modules\\\\module.py\", line 1527, in _call_impl\\n    return forward_call(*args, **kwargs)\\n  File \"E:\\\\KIT\\\\code_projects\\\\cv_yolo\\\\yolov5\\\\models\\\\common.py\", line 238, in forward\\n    return self.cv3(torch.cat((self.m(self.cv1(x)), self.cv2(x)), 1))\\n  File \"D:\\\\Anaconda\\\\envs\\\\yolo\\\\lib\\\\site-packages\\\\torch\\\\nn\\\\modules\\\\module.py\", line 1518, in _wrapped_call_impl\\n    return self._call_impl(*args, **kwargs)\\n  File \"D:\\\\Anaconda\\\\envs\\\\yolo\\\\lib\\\\site-packages\\\\torch\\\\nn\\\\modules\\\\module.py\", line 1527, in _call_impl\\n    return forward_call(*args, **kwargs)\\n  File \"E:\\\\KIT\\\\code_projects\\\\cv_yolo\\\\yolov5\\\\models\\\\common.py\", line 86, in forward\\n    return self.act(self.bn(self.conv(x)))\\n  File \"D:\\\\Anaconda\\\\envs\\\\yolo\\\\lib\\\\site-packages\\\\torch\\\\nn\\\\modules\\\\module.py\", line 1518, in _wrapped_call_impl\\n    return self._call_impl(*args, **kwargs)\\n  File \"D:\\\\Anaconda\\\\envs\\\\yolo\\\\lib\\\\site-packages\\\\torch\\\\nn\\\\modules\\\\module.py\", line 1527, in _call_impl\\n    return forward_call(*args, **kwargs)\\n  File \"D:\\\\Anaconda\\\\envs\\\\yolo\\\\lib\\\\site-packages\\\\torch\\\\nn\\\\modules\\\\batchnorm.py\", line 171, in forward\\n    return F.batch_norm(\\n  File \"D:\\\\Anaconda\\\\envs\\\\yolo\\\\lib\\\\site-packages\\\\torch\\\\nn\\\\functional.py\", line 2478, in batch_norm\\n    return torch.batch_norm(\\ntorch.cuda.OutOfMemoryError: CUDA out of memory. Tried to allocate 26.00 MiB. GPU 0 has a total capacty of 11.00 GiB of which 9.25 GiB is free. Of the allocated memory 554.53 MiB is allocated by PyTorch, and 27.47 MiB is reserved by PyTorch but unallocated. If reserved but unallocated memory is large try setting max_split_size_mb to avoid fragmentation.  See documentation for Memory Management and PYTORCH_CUDA_ALLOC_CONF\\n')", "user_provided_experiment_key": false, "comet_start_sourced": false}