{"payload":{"installed_packages":["attrs==23.2.0","brotli==1.0.9","certifi==2024.2.2","charset-normalizer==2.0.4","click==8.1.7","colorama==0.4.6","comet-ml==3.42.1","configobj==5.0.8","contourpy==1.2.1","cycler==0.12.1","docker-pycreds==0.4.0","dulwich==0.22.1","everett==3.1.0","filelock==3.13.1","fonttools==4.51.0","fsspec==2024.5.0","gitdb==4.0.11","gitpython==3.1.43","gmpy2==2.1.2","idna==3.7","jinja2==3.1.3","jsonschema==4.22.0","jsonschema-specifications==2023.12.1","kiwisolver==1.4.5","markdown-it-py==3.0.0","markupsafe==2.1.3","matplotlib==3.9.0","mdurl==0.1.2","mkl-fft==1.3.8","mkl-random==1.2.4","mkl-service==2.4.0","mpmath==1.3.0","networkx==3.1","numpy==1.26.4","opencv-python==4.9.0.80","packaging==24.0","pandas==2.2.2","pillow==10.3.0","pip==24.0","platformdirs==4.2.2","protobuf==4.25.3","psutil==5.9.8","py-cpuinfo==9.0.0","pygments==2.18.0","pyparsing==3.1.2","pysocks==1.7.1","python-box==6.1.0","python-dateutil==2.9.0.post0","pytz==2024.1","pyyaml==6.0.1","referencing==0.35.1","requests==2.32.2","requests-toolbelt==1.0.0","rich==13.7.1","rpds-py==0.18.1","scipy==1.13.1","seaborn==0.13.2","semantic-version==2.10.0","sentry-sdk==2.3.1","setproctitle==1.3.3","setuptools==69.5.1","simplejson==3.19.2","six==1.16.0","smmap==5.0.1","sympy==1.12","thop==0.1.1-2209072238","torch==2.1.0","torchaudio==2.1.0","torchvision==0.16.0","tqdm==4.66.4","typing_extensions==4.11.0","tzdata==2024.1","ultralytics==8.2.20","urllib3==2.2.1","wandb==0.17.0","wheel==0.43.0","win-inet-pton==1.1.0","wrapt==1.16.0","wurlitzer==3.1.0"],"message_id":1},"type":"installed_packages"}
{"payload":{"command":["train.py","--img","640","--batch","16","--epochs","5","--data","coco128.yaml","--weights","yolov5s.pt"],"env":null,"hostname":"LAPTOP-2J5KTU6B","ip":"172.23.245.91","machine":"AMD64","message_id":2,"os":"Windows-10-10.0.22631-SP0","os_release":"10","os_type":"Windows","pid":25116,"processor":"Intel64 Family 6 Model 142 Stepping 11, GenuineIntel","python_exe":"D:\\Anaconda\\envs\\yolo\\python.exe","python_version":"3.10.14","python_version_verbose":"3.10.14 | packaged by Anaconda, Inc. | (main, May  6 2024, 19:44:50) [MSC v.1916 64 bit (AMD64)]","user":"T490"},"type":"system_details"}
{"payload":{"gpu_static_info":[{"gpu_index":0,"name":"NVIDIA GeForce RTX 2080 Ti","power_limit":260000,"total_memory":11811160064,"uuid":"GPU-b72c6149-13a9-a55d-7c71-d79b348815ca"},{"gpu_index":1,"name":"NVIDIA GeForce MX250","power_limit":null,"total_memory":2147483648,"uuid":"GPU-10c147ce-086f-9053-7e3d-b495a9afa826"}],"message_id":3},"type":"gpu_static_info"}
{"payload":{"local_timestamp":1716980084273,"message_id":4,"metric":{"epoch":null,"metricName":"sys.gpu.0.total_memory","metricValue":11811160064,"step":null}},"type":"metric_msg"}
{"payload":{"local_timestamp":1716980084273,"message_id":5,"metric":{"epoch":null,"metricName":"sys.gpu.1.total_memory","metricValue":2147483648,"step":null}},"type":"metric_msg"}
{"payload":{"local_timestamp":1716980084274,"message_id":6,"param":{"paramName":"img","paramValue":640,"source":"cli","step":null}},"type":"parameter_msg"}
{"payload":{"local_timestamp":1716980084274,"message_id":7,"param":{"paramName":"batch","paramValue":16,"source":"cli","step":null}},"type":"parameter_msg"}
{"payload":{"local_timestamp":1716980084274,"message_id":8,"param":{"paramName":"epochs","paramValue":5,"source":"cli","step":null}},"type":"parameter_msg"}
{"payload":{"local_timestamp":1716980084274,"message_id":9,"param":{"paramName":"data","paramValue":"coco128.yaml","source":"cli","step":null}},"type":"parameter_msg"}
{"payload":{"local_timestamp":1716980084274,"message_id":10,"param":{"paramName":"weights","paramValue":"yolov5s.pt","source":"cli","step":null}},"type":"parameter_msg"}
{"payload":{"key":"offline_experiment","message_id":11,"value":true},"type":"log_other"}
{"payload":{"key":"Name","message_id":12,"value":"exp"},"type":"log_other"}
{"payload":{"additional_params":{"assetId":"2b937a75e0c3436c845debc292a36d2e","context":null,"extension":"yaml","fileName":"coco128.yaml","overwrite":false,"runId":null,"step":null},"clean":true,"file_path":"tmpw434t0zu","local_timestamp":1716980084286,"message_id":13,"metadata":{"type":"data-config-file"},"upload_type":"asset"},"type":"file_upload"}
{"payload":{"local_timestamp":1716980084286,"message_id":14,"metric":{"epoch":null,"metricName":"sys.gpu.0.gpu_utilization","metricValue":1,"step":null}},"type":"metric_msg"}
{"payload":{"local_timestamp":1716980084286,"message_id":15,"metric":{"epoch":null,"metricName":"sys.gpu.0.power_usage","metricValue":18492,"step":null}},"type":"metric_msg"}
{"payload":{"local_timestamp":1716980084286,"message_id":16,"metric":{"epoch":null,"metricName":"sys.gpu.0.temperature","metricValue":32,"step":null}},"type":"metric_msg"}
{"payload":{"local_timestamp":1716980084286,"message_id":17,"metric":{"epoch":null,"metricName":"sys.gpu.0.memory_utilization","metricValue":1,"step":null}},"type":"metric_msg"}
{"payload":{"local_timestamp":1716980084286,"message_id":18,"metric":{"epoch":null,"metricName":"sys.gpu.0.free_memory","metricValue":10869428224,"step":null}},"type":"metric_msg"}
{"payload":{"local_timestamp":1716980084286,"message_id":19,"metric":{"epoch":null,"metricName":"sys.gpu.0.used_memory","metricValue":941731840,"step":null}},"type":"metric_msg"}
{"payload":{"local_timestamp":1716980084286,"message_id":20,"metric":{"epoch":null,"metricName":"sys.gpu.0.percent.used_memory","metricValue":7.973237471147017,"step":null}},"type":"metric_msg"}
{"payload":{"local_timestamp":1716980084286,"message_id":21,"metric":{"epoch":null,"metricName":"sys.gpu.1.gpu_utilization","metricValue":1,"step":null}},"type":"metric_msg"}
{"payload":{"local_timestamp":1716980084286,"message_id":22,"metric":{"epoch":null,"metricName":"sys.gpu.1.temperature","metricValue":49,"step":null}},"type":"metric_msg"}
{"payload":{"local_timestamp":1716980084286,"message_id":23,"metric":{"epoch":null,"metricName":"sys.gpu.1.memory_utilization","metricValue":4,"step":null}},"type":"metric_msg"}
{"payload":{"local_timestamp":1716980084286,"message_id":24,"metric":{"epoch":null,"metricName":"sys.gpu.1.free_memory","metricValue":2064052224,"step":null}},"type":"metric_msg"}
{"payload":{"local_timestamp":1716980084286,"message_id":25,"metric":{"epoch":null,"metricName":"sys.gpu.1.used_memory","metricValue":83431424,"step":null}},"type":"metric_msg"}
{"payload":{"local_timestamp":1716980084286,"message_id":26,"metric":{"epoch":null,"metricName":"sys.gpu.1.percent.used_memory","metricValue":3.8850784301757812,"step":null}},"type":"metric_msg"}
{"payload":{"key":"Created from","message_id":27,"value":"YOLOv5"},"type":"log_other"}
{"payload":{"key":"hasNestedParams","message_id":28,"value":true},"type":"log_other"}
{"payload":{"local_timestamp":1716980084300,"message_id":29,"param":{"paramName":"artifact_alias","paramValue":"latest","source":"manual","step":null}},"type":"parameter_msg"}
{"payload":{"local_timestamp":1716980084300,"message_id":30,"param":{"paramName":"batch_size","paramValue":16,"source":"manual","step":null}},"type":"parameter_msg"}
{"payload":{"local_timestamp":1716980084300,"message_id":31,"param":{"paramName":"bbox_interval","paramValue":1,"source":"manual","step":null}},"type":"parameter_msg"}
{"payload":{"local_timestamp":1716980084300,"message_id":32,"param":{"paramName":"bucket","paramValue":"","source":"manual","step":null}},"type":"parameter_msg"}
{"payload":{"local_timestamp":1716980084300,"message_id":33,"param":{"paramName":"cache","paramValue":null,"source":"manual","step":null}},"type":"parameter_msg"}
{"payload":{"local_timestamp":1716980084300,"message_id":34,"param":{"paramName":"cfg","paramValue":"","source":"manual","step":null}},"type":"parameter_msg"}
{"payload":{"local_timestamp":1716980084300,"message_id":35,"param":{"paramName":"cos_lr","paramValue":false,"source":"manual","step":null}},"type":"parameter_msg"}
{"payload":{"local_timestamp":1716980084301,"message_id":36,"param":{"paramName":"data","paramValue":"E:\\KIT\\code_projects\\cv_yolo\\yolov5\\data\\coco128.yaml","source":"manual","step":null}},"type":"parameter_msg"}
{"payload":{"local_timestamp":1716980084301,"message_id":37,"param":{"paramName":"device","paramValue":"","source":"manual","step":null}},"type":"parameter_msg"}
{"payload":{"local_timestamp":1716980084301,"message_id":38,"param":{"paramName":"entity","paramValue":null,"source":"manual","step":null}},"type":"parameter_msg"}
{"payload":{"local_timestamp":1716980084301,"message_id":39,"param":{"paramName":"evolve","paramValue":null,"source":"manual","step":null}},"type":"parameter_msg"}
{"payload":{"local_timestamp":1716980084301,"message_id":40,"param":{"paramName":"evolve_population","paramValue":"data\\hyps","source":"manual","step":null}},"type":"parameter_msg"}
{"payload":{"local_timestamp":1716980084301,"message_id":41,"param":{"paramName":"exist_ok","paramValue":false,"source":"manual","step":null}},"type":"parameter_msg"}
{"payload":{"local_timestamp":1716980084301,"message_id":42,"params":{"paramName":"freeze","paramValue":[0],"source":"manual","step":null}},"type":"parameter_msg"}
{"payload":{"local_timestamp":1716980084301,"message_id":43,"param":{"paramName":"hyp|anchor_t","paramValue":4.0,"source":"manual","step":null}},"type":"parameter_msg"}
{"payload":{"local_timestamp":1716980084301,"message_id":44,"param":{"paramName":"hyp|box","paramValue":0.05,"source":"manual","step":null}},"type":"parameter_msg"}
{"payload":{"local_timestamp":1716980084301,"message_id":45,"param":{"paramName":"hyp|cls","paramValue":0.5,"source":"manual","step":null}},"type":"parameter_msg"}
{"payload":{"local_timestamp":1716980084301,"message_id":46,"param":{"paramName":"hyp|cls_pw","paramValue":1.0,"source":"manual","step":null}},"type":"parameter_msg"}
{"payload":{"local_timestamp":1716980084302,"message_id":47,"param":{"paramName":"hyp|copy_paste","paramValue":0.0,"source":"manual","step":null}},"type":"parameter_msg"}
{"payload":{"local_timestamp":1716980084302,"message_id":48,"param":{"paramName":"hyp|degrees","paramValue":0.0,"source":"manual","step":null}},"type":"parameter_msg"}
{"payload":{"local_timestamp":1716980084302,"message_id":49,"param":{"paramName":"hyp|fl_gamma","paramValue":0.0,"source":"manual","step":null}},"type":"parameter_msg"}
{"payload":{"local_timestamp":1716980084302,"message_id":50,"param":{"paramName":"hyp|fliplr","paramValue":0.5,"source":"manual","step":null}},"type":"parameter_msg"}
{"payload":{"local_timestamp":1716980084302,"message_id":51,"param":{"paramName":"hyp|flipud","paramValue":0.0,"source":"manual","step":null}},"type":"parameter_msg"}
{"payload":{"local_timestamp":1716980084302,"message_id":52,"param":{"paramName":"hyp|hsv_h","paramValue":0.015,"source":"manual","step":null}},"type":"parameter_msg"}
{"payload":{"local_timestamp":1716980084302,"message_id":53,"param":{"paramName":"hyp|hsv_s","paramValue":0.7,"source":"manual","step":null}},"type":"parameter_msg"}
{"payload":{"local_timestamp":1716980084302,"message_id":54,"param":{"paramName":"hyp|hsv_v","paramValue":0.4,"source":"manual","step":null}},"type":"parameter_msg"}
{"payload":{"local_timestamp":1716980084302,"message_id":55,"param":{"paramName":"hyp|iou_t","paramValue":0.2,"source":"manual","step":null}},"type":"parameter_msg"}
{"payload":{"local_timestamp":1716980084302,"message_id":56,"param":{"paramName":"hyp|lr0","paramValue":0.01,"source":"manual","step":null}},"type":"parameter_msg"}
{"payload":{"local_timestamp":1716980084302,"message_id":57,"param":{"paramName":"hyp|lrf","paramValue":0.01,"source":"manual","step":null}},"type":"parameter_msg"}
{"payload":{"local_timestamp":1716980084302,"message_id":58,"param":{"paramName":"hyp|mixup","paramValue":0.0,"source":"manual","step":null}},"type":"parameter_msg"}
{"payload":{"local_timestamp":1716980084302,"message_id":59,"param":{"paramName":"hyp|momentum","paramValue":0.937,"source":"manual","step":null}},"type":"parameter_msg"}
{"payload":{"local_timestamp":1716980084302,"message_id":60,"param":{"paramName":"hyp|mosaic","paramValue":1.0,"source":"manual","step":null}},"type":"parameter_msg"}
{"payload":{"local_timestamp":1716980084302,"message_id":61,"param":{"paramName":"hyp|obj","paramValue":1.0,"source":"manual","step":null}},"type":"parameter_msg"}
{"payload":{"local_timestamp":1716980084302,"message_id":62,"param":{"paramName":"hyp|obj_pw","paramValue":1.0,"source":"manual","step":null}},"type":"parameter_msg"}
{"payload":{"local_timestamp":1716980084302,"message_id":63,"param":{"paramName":"hyp|perspective","paramValue":0.0,"source":"manual","step":null}},"type":"parameter_msg"}
{"payload":{"local_timestamp":1716980084302,"message_id":64,"param":{"paramName":"hyp|scale","paramValue":0.5,"source":"manual","step":null}},"type":"parameter_msg"}
{"payload":{"local_timestamp":1716980084302,"message_id":65,"param":{"paramName":"hyp|shear","paramValue":0.0,"source":"manual","step":null}},"type":"parameter_msg"}
{"payload":{"local_timestamp":1716980084302,"message_id":66,"param":{"paramName":"hyp|translate","paramValue":0.1,"source":"manual","step":null}},"type":"parameter_msg"}
{"payload":{"local_timestamp":1716980084302,"message_id":67,"param":{"paramName":"hyp|warmup_bias_lr","paramValue":0.1,"source":"manual","step":null}},"type":"parameter_msg"}
{"payload":{"local_timestamp":1716980084302,"message_id":68,"param":{"paramName":"hyp|warmup_epochs","paramValue":3.0,"source":"manual","step":null}},"type":"parameter_msg"}
{"payload":{"local_timestamp":1716980084302,"message_id":69,"param":{"paramName":"hyp|warmup_momentum","paramValue":0.8,"source":"manual","step":null}},"type":"parameter_msg"}
{"payload":{"local_timestamp":1716980084303,"message_id":70,"param":{"paramName":"hyp|weight_decay","paramValue":0.0005,"source":"manual","step":null}},"type":"parameter_msg"}
{"payload":{"local_timestamp":1716980084303,"message_id":71,"param":{"paramName":"image_weights","paramValue":false,"source":"manual","step":null}},"type":"parameter_msg"}
{"payload":{"local_timestamp":1716980084303,"message_id":72,"param":{"paramName":"imgsz","paramValue":640,"source":"manual","step":null}},"type":"parameter_msg"}
{"payload":{"local_timestamp":1716980084303,"message_id":73,"param":{"paramName":"label_smoothing","paramValue":0.0,"source":"manual","step":null}},"type":"parameter_msg"}
{"payload":{"local_timestamp":1716980084303,"message_id":74,"param":{"paramName":"local_rank","paramValue":-1,"source":"manual","step":null}},"type":"parameter_msg"}
{"payload":{"local_timestamp":1716980084303,"message_id":75,"param":{"paramName":"multi_scale","paramValue":false,"source":"manual","step":null}},"type":"parameter_msg"}
{"payload":{"local_timestamp":1716980084303,"message_id":76,"param":{"paramName":"name","paramValue":"exp","source":"manual","step":null}},"type":"parameter_msg"}
{"payload":{"local_timestamp":1716980084303,"message_id":77,"param":{"paramName":"ndjson_console","paramValue":false,"source":"manual","step":null}},"type":"parameter_msg"}
{"payload":{"local_timestamp":1716980084303,"message_id":78,"param":{"paramName":"ndjson_file","paramValue":false,"source":"manual","step":null}},"type":"parameter_msg"}
{"payload":{"local_timestamp":1716980084303,"message_id":79,"param":{"paramName":"noautoanchor","paramValue":false,"source":"manual","step":null}},"type":"parameter_msg"}
{"payload":{"local_timestamp":1716980084303,"message_id":80,"param":{"paramName":"noplots","paramValue":false,"source":"manual","step":null}},"type":"parameter_msg"}
{"payload":{"local_timestamp":1716980084303,"message_id":81,"param":{"paramName":"nosave","paramValue":false,"source":"manual","step":null}},"type":"parameter_msg"}
{"payload":{"local_timestamp":1716980084303,"message_id":82,"param":{"paramName":"noval","paramValue":false,"source":"manual","step":null}},"type":"parameter_msg"}
{"payload":{"local_timestamp":1716980084303,"message_id":83,"param":{"paramName":"optimizer","paramValue":"SGD","source":"manual","step":null}},"type":"parameter_msg"}
{"payload":{"local_timestamp":1716980084303,"message_id":84,"param":{"paramName":"patience","paramValue":100,"source":"manual","step":null}},"type":"parameter_msg"}
{"payload":{"local_timestamp":1716980084303,"message_id":85,"param":{"paramName":"project","paramValue":"runs\\train","source":"manual","step":null}},"type":"parameter_msg"}
{"payload":{"local_timestamp":1716980084303,"message_id":86,"param":{"paramName":"quad","paramValue":false,"source":"manual","step":null}},"type":"parameter_msg"}
{"payload":{"local_timestamp":1716980084303,"message_id":87,"param":{"paramName":"rect","paramValue":false,"source":"manual","step":null}},"type":"parameter_msg"}
{"payload":{"local_timestamp":1716980084303,"message_id":88,"param":{"paramName":"resume","paramValue":false,"source":"manual","step":null}},"type":"parameter_msg"}
{"payload":{"local_timestamp":1716980084303,"message_id":89,"param":{"paramName":"resume_evolve","paramValue":null,"source":"manual","step":null}},"type":"parameter_msg"}
{"payload":{"local_timestamp":1716980084303,"message_id":90,"param":{"paramName":"save_dir","paramValue":"runs\\train\\exp6","source":"manual","step":null}},"type":"parameter_msg"}
{"payload":{"local_timestamp":1716980084303,"message_id":91,"param":{"paramName":"save_period","paramValue":-1,"source":"manual","step":null}},"type":"parameter_msg"}
{"payload":{"local_timestamp":1716980084303,"message_id":92,"param":{"paramName":"seed","paramValue":0,"source":"manual","step":null}},"type":"parameter_msg"}
{"payload":{"local_timestamp":1716980084303,"message_id":93,"param":{"paramName":"single_cls","paramValue":false,"source":"manual","step":null}},"type":"parameter_msg"}
{"payload":{"local_timestamp":1716980084303,"message_id":94,"param":{"paramName":"sync_bn","paramValue":false,"source":"manual","step":null}},"type":"parameter_msg"}
{"payload":{"local_timestamp":1716980084304,"message_id":95,"param":{"paramName":"upload_dataset","paramValue":false,"source":"manual","step":null}},"type":"parameter_msg"}
{"payload":{"local_timestamp":1716980084304,"message_id":96,"param":{"paramName":"workers","paramValue":8,"source":"manual","step":null}},"type":"parameter_msg"}
{"payload":{"local_timestamp":1716980084304,"message_id":97,"param":{"paramName":"anchor_t","paramValue":4.0,"source":"manual","step":null}},"type":"parameter_msg"}
{"payload":{"local_timestamp":1716980084304,"message_id":98,"param":{"paramName":"box","paramValue":0.05,"source":"manual","step":null}},"type":"parameter_msg"}
{"payload":{"local_timestamp":1716980084304,"message_id":99,"param":{"paramName":"cls","paramValue":0.5,"source":"manual","step":null}},"type":"parameter_msg"}
{"payload":{"local_timestamp":1716980084304,"message_id":100,"param":{"paramName":"cls_pw","paramValue":1.0,"source":"manual","step":null}},"type":"parameter_msg"}
{"payload":{"local_timestamp":1716980084304,"message_id":101,"param":{"paramName":"copy_paste","paramValue":0.0,"source":"manual","step":null}},"type":"parameter_msg"}
{"payload":{"local_timestamp":1716980084304,"message_id":102,"param":{"paramName":"degrees","paramValue":0.0,"source":"manual","step":null}},"type":"parameter_msg"}
{"payload":{"local_timestamp":1716980084304,"message_id":103,"param":{"paramName":"fl_gamma","paramValue":0.0,"source":"manual","step":null}},"type":"parameter_msg"}
{"payload":{"local_timestamp":1716980084304,"message_id":104,"param":{"paramName":"fliplr","paramValue":0.5,"source":"manual","step":null}},"type":"parameter_msg"}
{"payload":{"local_timestamp":1716980084304,"message_id":105,"param":{"paramName":"flipud","paramValue":0.0,"source":"manual","step":null}},"type":"parameter_msg"}
{"payload":{"local_timestamp":1716980084304,"message_id":106,"param":{"paramName":"hsv_h","paramValue":0.015,"source":"manual","step":null}},"type":"parameter_msg"}
{"payload":{"local_timestamp":1716980084304,"message_id":107,"param":{"paramName":"hsv_s","paramValue":0.7,"source":"manual","step":null}},"type":"parameter_msg"}
{"payload":{"local_timestamp":1716980084304,"message_id":108,"param":{"paramName":"hsv_v","paramValue":0.4,"source":"manual","step":null}},"type":"parameter_msg"}
{"payload":{"local_timestamp":1716980084304,"message_id":109,"param":{"paramName":"iou_t","paramValue":0.2,"source":"manual","step":null}},"type":"parameter_msg"}
{"payload":{"local_timestamp":1716980084304,"message_id":110,"param":{"paramName":"lr0","paramValue":0.01,"source":"manual","step":null}},"type":"parameter_msg"}
{"payload":{"local_timestamp":1716980084304,"message_id":111,"param":{"paramName":"lrf","paramValue":0.01,"source":"manual","step":null}},"type":"parameter_msg"}
{"payload":{"local_timestamp":1716980084304,"message_id":112,"param":{"paramName":"mixup","paramValue":0.0,"source":"manual","step":null}},"type":"parameter_msg"}
{"payload":{"local_timestamp":1716980084304,"message_id":113,"param":{"paramName":"momentum","paramValue":0.937,"source":"manual","step":null}},"type":"parameter_msg"}
{"payload":{"local_timestamp":1716980084304,"message_id":114,"param":{"paramName":"mosaic","paramValue":1.0,"source":"manual","step":null}},"type":"parameter_msg"}
{"payload":{"local_timestamp":1716980084304,"message_id":115,"param":{"paramName":"obj","paramValue":1.0,"source":"manual","step":null}},"type":"parameter_msg"}
{"payload":{"local_timestamp":1716980084304,"message_id":116,"param":{"paramName":"obj_pw","paramValue":1.0,"source":"manual","step":null}},"type":"parameter_msg"}
{"payload":{"local_timestamp":1716980084304,"message_id":117,"param":{"paramName":"perspective","paramValue":0.0,"source":"manual","step":null}},"type":"parameter_msg"}
{"payload":{"local_timestamp":1716980084304,"message_id":118,"param":{"paramName":"scale","paramValue":0.5,"source":"manual","step":null}},"type":"parameter_msg"}
{"payload":{"local_timestamp":1716980084305,"message_id":119,"param":{"paramName":"shear","paramValue":0.0,"source":"manual","step":null}},"type":"parameter_msg"}
{"payload":{"local_timestamp":1716980084305,"message_id":120,"param":{"paramName":"translate","paramValue":0.1,"source":"manual","step":null}},"type":"parameter_msg"}
{"payload":{"local_timestamp":1716980084305,"message_id":121,"param":{"paramName":"warmup_bias_lr","paramValue":0.1,"source":"manual","step":null}},"type":"parameter_msg"}
{"payload":{"local_timestamp":1716980084305,"message_id":122,"param":{"paramName":"warmup_epochs","paramValue":3.0,"source":"manual","step":null}},"type":"parameter_msg"}
{"payload":{"local_timestamp":1716980084305,"message_id":123,"param":{"paramName":"warmup_momentum","paramValue":0.8,"source":"manual","step":null}},"type":"parameter_msg"}
{"payload":{"local_timestamp":1716980084305,"message_id":124,"param":{"paramName":"weight_decay","paramValue":0.0005,"source":"manual","step":null}},"type":"parameter_msg"}
{"payload":{"additional_params":{"assetId":"f30211f9765f48c6884b037453130266","context":null,"epoch":null,"extension":"json","fileName":"hyperparameters.json","overwrite":false,"runId":null,"step":null},"clean":true,"file_path":"tmpzudtex_w","local_timestamp":1716980084334,"message_id":125,"metadata":{"type":"hyp-config-file"},"upload_type":"asset"},"type":"file_upload"}
{"payload":{"additional_params":{"assetId":"8ca7a2dc98ff4e3aa58c118ca669e052","context":null,"extension":"yaml","fileName":"opt.yaml","overwrite":false,"runId":null,"step":null},"clean":true,"file_path":"tmpxj0jea7o","local_timestamp":1716980084307,"message_id":126,"metadata":{"type":"opt-config-file"},"upload_type":"asset"},"type":"file_upload"}
{"payload":{"local_timestamp":1716980084307,"message_id":127,"param":{"paramName":"val_conf_threshold","paramValue":0.001,"source":"manual","step":null}},"type":"parameter_msg"}
{"payload":{"local_timestamp":1716980084307,"message_id":128,"param":{"paramName":"val_iou_threshold","paramValue":0.6,"source":"manual","step":null}},"type":"parameter_msg"}
{"payload":{"key":"comet_mode","message_id":129,"value":"online"},"type":"log_other"}
{"payload":{"key":"comet_max_image_uploads","message_id":130,"value":100},"type":"log_other"}
{"payload":{"key":"comet_log_per_class_metrics","message_id":131,"value":false},"type":"log_other"}
{"payload":{"key":"comet_log_batch_metrics","message_id":132,"value":false},"type":"log_other"}
{"payload":{"key":"comet_log_confusion_matrix","message_id":133,"value":true},"type":"log_other"}
{"payload":{"key":"comet_model_name","message_id":134,"value":"yolov5"},"type":"log_other"}
{"payload":{"local_timestamp":1716980084755,"message_id":135,"metric":{"epoch":null,"metricName":"sys.cpu.percent.avg","metricValue":0.0,"step":null}},"type":"metric_msg"}
{"payload":{"local_timestamp":1716980084755,"message_id":136,"metric":{"epoch":null,"metricName":"sys.ram.total","metricValue":25505275904,"step":null}},"type":"metric_msg"}
{"payload":{"local_timestamp":1716980084755,"message_id":137,"metric":{"epoch":null,"metricName":"sys.ram.used","metricValue":15845646336,"step":null}},"type":"metric_msg"}
{"payload":{"local_timestamp":1716980084755,"message_id":138,"metric":{"epoch":null,"metricName":"sys.ram.available","metricValue":9659629568,"step":null}},"type":"metric_msg"}
{"payload":{"local_timestamp":1716980084755,"message_id":139,"metric":{"epoch":null,"metricName":"sys.ram.percent.used","metricValue":62.1,"step":null}},"type":"metric_msg"}
{"payload":{"local_timestamp":1716980084755,"message_id":140,"metric":{"epoch":null,"metricName":"sys.load.avg","metricValue":0.0,"step":null}},"type":"metric_msg"}
{"payload":{"local_timestamp":1716980084761,"message_id":141,"output":"\n                 from  n    params  module                                  arguments                     \n","stderr":true},"type":"standard_output"}
{"payload":{"local_timestamp":1716980084763,"message_id":142,"output":"  0                -1  1      3520  models.common.Conv                      [3, 32, 6, 2, 2]              \n","stderr":true},"type":"standard_output"}
{"payload":{"local_timestamp":1716980084764,"message_id":143,"output":"  1                -1  1     18560  models.common.Conv                      [32, 64, 3, 2]                \n","stderr":true},"type":"standard_output"}
{"payload":{"local_timestamp":1716980084769,"message_id":144,"output":"  2                -1  1     18816  models.common.C3                        [64, 64, 1]                   \n","stderr":true},"type":"standard_output"}
{"payload":{"local_timestamp":1716980084773,"message_id":145,"output":"  3                -1  1     73984  models.common.Conv                      [64, 128, 3, 2]               \n","stderr":true},"type":"standard_output"}
{"payload":{"local_timestamp":1716980084784,"message_id":146,"output":"  4                -1  2    115712  models.common.C3                        [128, 128, 2]                 \n","stderr":true},"type":"standard_output"}
{"payload":{"local_timestamp":1716980084791,"message_id":147,"output":"  5                -1  1    295424  models.common.Conv                      [128, 256, 3, 2]              \n","stderr":true},"type":"standard_output"}
{"payload":{"local_timestamp":1716980084813,"message_id":148,"output":"  6                -1  3    625152  models.common.C3                        [256, 256, 3]                 \n","stderr":true},"type":"standard_output"}
{"payload":{"local_timestamp":1716980084831,"message_id":149,"output":"  7                -1  1   1180672  models.common.Conv                      [256, 512, 3, 2]              \n","stderr":true},"type":"standard_output"}
{"payload":{"local_timestamp":1716980084854,"message_id":150,"output":"  8                -1  1   1182720  models.common.C3                        [512, 512, 1]                 \n","stderr":true},"type":"standard_output"}
{"payload":{"local_timestamp":1716980084867,"message_id":151,"output":"  9                -1  1    656896  models.common.SPPF                      [512, 512, 5]                 \n","stderr":true},"type":"standard_output"}
{"payload":{"local_timestamp":1716980084889,"message_id":152,"output":" 10                -1  1    131584  models.common.Conv                      [512, 256, 1, 1]              \n","stderr":true},"type":"standard_output"}
{"payload":{"local_timestamp":1716980084890,"message_id":153,"output":" 11                -1  1         0  torch.nn.modules.upsampling.Upsample    [None, 2, 'nearest']          \n","stderr":true},"type":"standard_output"}
{"payload":{"local_timestamp":1716980084891,"message_id":154,"output":" 12           [-1, 6]  1         0  models.common.Concat                    [1]                           \n","stderr":true},"type":"standard_output"}
{"payload":{"local_timestamp":1716980084904,"message_id":155,"output":" 13                -1  1    361984  models.common.C3                        [512, 256, 1, False]          \n","stderr":true},"type":"standard_output"}
{"payload":{"local_timestamp":1716980084906,"message_id":156,"output":" 14                -1  1     33024  models.common.Conv                      [256, 128, 1, 1]              \n","stderr":true},"type":"standard_output"}
{"payload":{"local_timestamp":1716980084908,"message_id":157,"output":" 15                -1  1         0  torch.nn.modules.upsampling.Upsample    [None, 2, 'nearest']          \n","stderr":true},"type":"standard_output"}
{"payload":{"local_timestamp":1716980084910,"message_id":158,"output":" 16           [-1, 4]  1         0  models.common.Concat                    [1]                           \n","stderr":true},"type":"standard_output"}
{"payload":{"local_timestamp":1716980084922,"message_id":159,"output":" 17                -1  1     90880  models.common.C3                        [256, 128, 1, False]          \n","stderr":true},"type":"standard_output"}
{"payload":{"local_timestamp":1716980084928,"message_id":160,"output":" 18                -1  1    147712  models.common.Conv                      [128, 128, 3, 2]              \n","stderr":true},"type":"standard_output"}
{"payload":{"local_timestamp":1716980084931,"message_id":161,"output":" 19          [-1, 14]  1         0  models.common.Concat                    [1]                           \n","stderr":true},"type":"standard_output"}
{"payload":{"local_timestamp":1716980084947,"message_id":162,"output":" 20                -1  1    296448  models.common.C3                        [256, 256, 1, False]          \n","stderr":true},"type":"standard_output"}
{"payload":{"local_timestamp":1716980084958,"message_id":163,"output":" 21                -1  1    590336  models.common.Conv                      [256, 256, 3, 2]              \n","stderr":true},"type":"standard_output"}
{"payload":{"local_timestamp":1716980084960,"message_id":164,"output":" 22          [-1, 10]  1         0  models.common.Concat                    [1]                           \n","stderr":true},"type":"standard_output"}
{"payload":{"local_timestamp":1716980084991,"message_id":165,"output":" 23                -1  1   1182720  models.common.C3                        [512, 512, 1, False]          \n","stderr":true},"type":"standard_output"}
{"payload":{"local_timestamp":1716980085001,"message_id":166,"output":" 24      [17, 20, 23]  1    229245  models.yolo.Detect                      [80, [[10, 13, 16, 30, 33, 23], [30, 61, 62, 45, 59, 119], [116, 90, 156, 198, 373, 326]], [128, 256, 512]]\n","stderr":true},"type":"standard_output"}
{"payload":{"local_timestamp":1716980085492,"message_id":167,"output":"Model summary: 214 layers, 7235389 parameters, 7235389 gradients, 16.6 GFLOPs\n","stderr":true},"type":"standard_output"}
{"payload":{"local_timestamp":1716980085492,"message_id":168,"output":"\n","stderr":true},"type":"standard_output"}
{"payload":{"git_metadata":{"branch":"refs/heads/master","origin":"https://github.com/zsheddie/yolov5-1.git","parent":"ecfd54f8956c9160bb9e1a91d6842ad750ee3477","repo_name":"yolov5-1","root":"1e84a23f38fad9e52b59101e9f1246d93066ed1e","status":null,"user":"zsheddie"},"message_id":169},"type":"git_metadata"}
{"payload":{"local_timestamp":1716980085897,"message_id":170,"output":"Transferred 349/349 items from yolov5s.pt\n","stderr":true},"type":"standard_output"}
{"payload":{"local_timestamp":1716980086965,"message_id":171,"output":"\u001b[34m\u001b[1mAMP: \u001b[0mchecks passed \n","stderr":true},"type":"standard_output"}
{"payload":{"local_timestamp":1716980086968,"message_id":172,"output":"\u001b[34m\u001b[1moptimizer:\u001b[0m SGD(lr=0.01) with parameter groups 57 weight(decay=0.0), 60 weight(decay=0.0005), 60 bias\n","stderr":true},"type":"standard_output"}
{"payload":{"local_timestamp":1716980087139,"message_id":173,"output":"WARNING  DP not recommended, use torch.distributed.run for best DDP Multi-GPU results.\nSee Multi-GPU Tutorial at https://docs.ultralytics.com/yolov5/tutorials/multi_gpu_training to get started.\n","stderr":true},"type":"standard_output"}
{"payload":{"local_timestamp":1716980087160,"message_id":174,"output":"\r\u001b[34m\u001b[1mtrain: \u001b[0mScanning E:\\KIT\\code_projects\\cv_yolo\\datasets\\coco128\\labels\\train2017.c\u001b[0m","stderr":true},"type":"standard_output"}
{"payload":{"local_timestamp":1716980087165,"message_id":175,"output":"\r\u001b[34m\u001b[1mtrain: \u001b[0mScanning E:\\KIT\\code_projects\\cv_yolo\\datasets\\coco128\\labels\\train2017.c\u001b[0m","stderr":true},"type":"standard_output"}
{"payload":{"local_timestamp":1716980087166,"message_id":176,"output":"\n","stderr":true},"type":"standard_output"}
{"payload":{"additional_params":{"assetId":"e0f49f8bcf7f411b97496f2dbe9873f2","context":null,"epoch":null,"extension":"yml","fileName":"conda-environment.yml","overwrite":false,"runId":null,"step":null,"type":"conda-environment-definition"},"clean":true,"file_path":"tmpfn68rdvy","local_timestamp":1716980090616,"message_id":177,"metadata":{},"upload_type":"conda-environment-definition"},"type":"file_upload"}
{"payload":{"additional_params":{"assetId":"bdf1354b3ac84be8b85a7b8670ad5b03","context":null,"epoch":null,"extension":"txt","fileName":"conda-spec.txt","overwrite":false,"runId":null,"step":null,"type":"conda-specification"},"clean":true,"file_path":"tmppt9g3dcw","local_timestamp":1716980092495,"message_id":178,"metadata":{},"upload_type":"conda-specification"},"type":"file_upload"}
{"payload":{"additional_params":{"assetId":"e27892c1deb04bf6911d9fa8b05c87d1","context":null,"epoch":null,"extension":"yml","fileName":"conda-info.yml","overwrite":false,"runId":null,"step":null,"type":"conda-info"},"clean":true,"file_path":"tmp2bhaf42a","local_timestamp":1716980095648,"message_id":179,"metadata":{},"upload_type":"conda-info"},"type":"file_upload"}
{"payload":{"local_timestamp":1716980114750,"message_id":180,"output":"\r\u001b[34m\u001b[1mval: \u001b[0mScanning E:\\KIT\\code_projects\\cv_yolo\\datasets\\coco128\\labels\\train2017.cac\u001b[0m","stderr":true},"type":"standard_output"}
{"payload":{"local_timestamp":1716980114757,"message_id":181,"output":"\r\u001b[34m\u001b[1mval: \u001b[0mScanning E:\\KIT\\code_projects\\cv_yolo\\datasets\\coco128\\labels\\train2017.cac\u001b[0m","stderr":true},"type":"standard_output"}
{"payload":{"local_timestamp":1716980114758,"message_id":182,"output":"\n","stderr":true},"type":"standard_output"}
{"payload":{"local_timestamp":1716980114935,"message_id":183,"metric":{"epoch":null,"metricName":"sys.gpu.0.gpu_utilization","metricValue":0,"step":null}},"type":"metric_msg"}
{"payload":{"local_timestamp":1716980114936,"message_id":184,"metric":{"epoch":null,"metricName":"sys.gpu.0.power_usage","metricValue":21998,"step":null}},"type":"metric_msg"}
{"payload":{"local_timestamp":1716980114936,"message_id":185,"metric":{"epoch":null,"metricName":"sys.gpu.0.temperature","metricValue":33,"step":null}},"type":"metric_msg"}
{"payload":{"local_timestamp":1716980114936,"message_id":186,"metric":{"epoch":null,"metricName":"sys.gpu.0.memory_utilization","metricValue":1,"step":null}},"type":"metric_msg"}
{"payload":{"local_timestamp":1716980114936,"message_id":187,"metric":{"epoch":null,"metricName":"sys.gpu.0.free_memory","metricValue":10434658304,"step":null}},"type":"metric_msg"}
{"payload":{"local_timestamp":1716980114936,"message_id":188,"metric":{"epoch":null,"metricName":"sys.gpu.0.used_memory","metricValue":1376501760,"step":null}},"type":"metric_msg"}
{"payload":{"local_timestamp":1716980114936,"message_id":189,"metric":{"epoch":null,"metricName":"sys.gpu.0.percent.used_memory","metricValue":11.654246937144887,"step":null}},"type":"metric_msg"}
{"payload":{"local_timestamp":1716980114936,"message_id":190,"metric":{"epoch":null,"metricName":"sys.gpu.1.temperature","metricValue":49,"step":null}},"type":"metric_msg"}
{"payload":{"local_timestamp":1716980114936,"message_id":191,"metric":{"epoch":null,"metricName":"sys.gpu.1.free_memory","metricValue":2064052224,"step":null}},"type":"metric_msg"}
{"payload":{"local_timestamp":1716980114936,"message_id":192,"metric":{"epoch":null,"metricName":"sys.gpu.1.used_memory","metricValue":83431424,"step":null}},"type":"metric_msg"}
{"payload":{"local_timestamp":1716980114936,"message_id":193,"metric":{"epoch":null,"metricName":"sys.gpu.1.percent.used_memory","metricValue":3.8850784301757812,"step":null}},"type":"metric_msg"}
{"payload":{"local_timestamp":1716980115062,"message_id":194,"metric":{"epoch":null,"metricName":"sys.cpu.percent.avg","metricValue":12.175,"step":null}},"type":"metric_msg"}
{"payload":{"local_timestamp":1716980115062,"message_id":195,"metric":{"epoch":null,"metricName":"sys.ram.total","metricValue":25505275904,"step":null}},"type":"metric_msg"}
{"payload":{"local_timestamp":1716980115062,"message_id":196,"metric":{"epoch":null,"metricName":"sys.ram.used","metricValue":18204626944,"step":null}},"type":"metric_msg"}
{"payload":{"local_timestamp":1716980115062,"message_id":197,"metric":{"epoch":null,"metricName":"sys.ram.available","metricValue":7300648960,"step":null}},"type":"metric_msg"}
{"payload":{"local_timestamp":1716980115062,"message_id":198,"metric":{"epoch":null,"metricName":"sys.ram.percent.used","metricValue":71.4,"step":null}},"type":"metric_msg"}
{"payload":{"local_timestamp":1716980115062,"message_id":199,"metric":{"epoch":null,"metricName":"sys.load.avg","metricValue":0.16,"step":null}},"type":"metric_msg"}
{"payload":{"local_timestamp":1716980115209,"message_id":200,"metric":{"epoch":null,"metricName":"sys.network.send_bps","metricValue":38927,"step":null}},"type":"metric_msg"}
{"payload":{"local_timestamp":1716980115209,"message_id":201,"metric":{"epoch":null,"metricName":"sys.network.receive_bps","metricValue":14374,"step":null}},"type":"metric_msg"}
{"payload":{"local_timestamp":1716980115314,"message_id":202,"metric":{"epoch":null,"metricName":"sys.disk.read_bps","metricValue":32183.33244054699,"step":null}},"type":"metric_msg"}
{"payload":{"local_timestamp":1716980115314,"message_id":203,"metric":{"epoch":null,"metricName":"sys.disk.write_bps","metricValue":846560.1024340314,"step":null}},"type":"metric_msg"}
{"payload":{"local_timestamp":1716980139901,"message_id":204,"output":"\n\u001b[34m\u001b[1mAutoAnchor: \u001b[0m4.27 anchors/target, 0.994 Best Possible Recall (BPR). Current anchors are a good fit to dataset \n","stderr":true},"type":"standard_output"}
{"payload":{"local_timestamp":1716980140007,"message_id":205,"output":"Plotting labels to runs\\train\\exp6\\labels.jpg... \n","stderr":true},"type":"standard_output"}
{"payload":{"local_timestamp":1716980142653,"message_id":206,"output":"Unable to allocate 11.4 MiB for an array with shape (2000, 2000, 3) and data type bool","stderr":false},"type":"standard_output"}
{"payload":{"local_timestamp":1716980142654,"message_id":207,"output":"\n","stderr":false},"type":"standard_output"}
{"payload":{"local_timestamp":1716980142697,"message_id":208,"output":"Image sizes 640 train, 640 val\nUsing 4 dataloader workers\nLogging results to \u001b[1mruns\\train\\exp6\u001b[0m\nStarting training for 5 epochs...\n","stderr":true},"type":"standard_output"}
{"payload":{"local_timestamp":1716980142700,"message_id":209,"output":"\n      Epoch    GPU_mem   box_loss   obj_loss   cls_loss  Instances       Size\n","stderr":true},"type":"standard_output"}
{"payload":{"local_timestamp":1716980142701,"message_id":210,"output":"\r  0%|          | 0/8 [00:00<?, ?it/s]","stderr":true},"type":"standard_output"}
{"payload":{"local_timestamp":1716980143034,"message_id":211,"output":"\r  0%|          | 0/8 [00:00<?, ?it/s]","stderr":true},"type":"standard_output"}
{"payload":{"local_timestamp":1716980143034,"message_id":212,"output":"\n","stderr":true},"type":"standard_output"}
{"payload":{"local_timestamp":1716980143034,"message_id":213,"output":"Traceback (most recent call last):\n","stderr":true},"type":"standard_output"}
{"payload":{"local_timestamp":1716980143034,"message_id":214,"output":"  File \"E:\\KIT\\code_projects\\cv_yolo\\yolov5\\train.py\", line 848, in <module>\n    main(opt)\n","stderr":true},"type":"standard_output"}
{"payload":{"local_timestamp":1716980143034,"message_id":215,"output":"  File \"E:\\KIT\\code_projects\\cv_yolo\\yolov5\\train.py\", line 623, in main\n    train(opt.hyp, opt, device, callbacks)\n","stderr":true},"type":"standard_output"}
{"payload":{"local_timestamp":1716980143046,"message_id":216,"output":"  File \"E:\\KIT\\code_projects\\cv_yolo\\yolov5\\train.py\", line 382, in train\n    pred = model(imgs)  # forward\n","stderr":true},"type":"standard_output"}
{"payload":{"local_timestamp":1716980143047,"message_id":217,"output":"  File \"D:\\Anaconda\\envs\\yolo\\lib\\site-packages\\torch\\nn\\modules\\module.py\", line 1518, in _wrapped_call_impl\n    return self._call_impl(*args, **kwargs)\n","stderr":true},"type":"standard_output"}
{"payload":{"local_timestamp":1716980143048,"message_id":218,"output":"  File \"D:\\Anaconda\\envs\\yolo\\lib\\site-packages\\torch\\nn\\modules\\module.py\", line 1527, in _call_impl\n    return forward_call(*args, **kwargs)\n","stderr":true},"type":"standard_output"}
{"payload":{"local_timestamp":1716980143049,"message_id":219,"output":"  File \"D:\\Anaconda\\envs\\yolo\\lib\\site-packages\\torch\\nn\\parallel\\data_parallel.py\", line 175, in forward\n    inputs, module_kwargs = self.scatter(inputs, kwargs, self.device_ids)\n","stderr":true},"type":"standard_output"}
{"payload":{"local_timestamp":1716980143050,"message_id":220,"output":"  File \"D:\\Anaconda\\envs\\yolo\\lib\\site-packages\\torch\\nn\\parallel\\data_parallel.py\", line 197, in scatter\n    return scatter_kwargs(inputs, kwargs, device_ids, dim=self.dim)\n","stderr":true},"type":"standard_output"}
{"payload":{"local_timestamp":1716980143052,"message_id":221,"output":"  File \"D:\\Anaconda\\envs\\yolo\\lib\\site-packages\\torch\\nn\\parallel\\scatter_gather.py\", line 73, in scatter_kwargs\n    scattered_inputs = scatter(inputs, target_gpus, dim) if inputs else []\n","stderr":true},"type":"standard_output"}
{"payload":{"local_timestamp":1716980143052,"message_id":222,"output":"  File \"D:\\Anaconda\\envs\\yolo\\lib\\site-packages\\torch\\nn\\parallel\\scatter_gather.py\", line 60, in scatter\n    res = scatter_map(inputs)\n","stderr":true},"type":"standard_output"}
{"payload":{"local_timestamp":1716980143054,"message_id":223,"output":"  File \"D:\\Anaconda\\envs\\yolo\\lib\\site-packages\\torch\\nn\\parallel\\scatter_gather.py\", line 47, in scatter_map\n    return list(zip(*map(scatter_map, obj)))\n","stderr":true},"type":"standard_output"}
{"payload":{"local_timestamp":1716980143055,"message_id":224,"output":"  File \"D:\\Anaconda\\envs\\yolo\\lib\\site-packages\\torch\\nn\\parallel\\scatter_gather.py\", line 43, in scatter_map\n    return Scatter.apply(target_gpus, None, dim, obj)\n","stderr":true},"type":"standard_output"}
{"payload":{"local_timestamp":1716980143055,"message_id":225,"output":"  File \"D:\\Anaconda\\envs\\yolo\\lib\\site-packages\\torch\\autograd\\function.py\", line 539, in apply\n    return super().apply(*args, **kwargs)  # type: ignore[misc]\n","stderr":true},"type":"standard_output"}
{"payload":{"local_timestamp":1716980143055,"message_id":226,"output":"  File \"D:\\Anaconda\\envs\\yolo\\lib\\site-packages\\torch\\nn\\parallel\\_functions.py\", line 96, in forward\n    outputs = comm.scatter(input, target_gpus, chunk_sizes, ctx.dim, streams)\n","stderr":true},"type":"standard_output"}
{"payload":{"local_timestamp":1716980143055,"message_id":227,"output":"  File \"D:\\Anaconda\\envs\\yolo\\lib\\site-packages\\torch\\nn\\parallel\\comm.py\", line 187, in scatter\n    return tuple(torch._C._scatter(tensor, devices, chunk_sizes, dim, streams))\n","stderr":true},"type":"standard_output"}
{"payload":{"local_timestamp":1716980143061,"message_id":228,"output":"RuntimeError: CUDA error: out of memory\nCUDA kernel errors might be asynchronously reported at some other API call, so the stacktrace below might be incorrect.\nFor debugging consider passing CUDA_LAUNCH_BLOCKING=1.\nCompile with `TORCH_USE_CUDA_DSA` to enable device-side assertions.\n\n","stderr":true},"type":"standard_output"}
{"payload":{"local_timestamp":1716980143062,"message_id":229,"output":"Traceback (most recent call last):\n","stderr":true},"type":"standard_output"}
{"payload":{"local_timestamp":1716980143062,"message_id":230,"output":"  File \"E:\\KIT\\code_projects\\cv_yolo\\yolov5\\train.py\", line 848, in <module>\n","stderr":true},"type":"standard_output"}
{"payload":{"local_timestamp":1716980143063,"message_id":231,"output":"    ","stderr":true},"type":"standard_output"}
{"payload":{"local_timestamp":1716980143063,"message_id":232,"output":"main(opt)","stderr":true},"type":"standard_output"}
{"payload":{"local_timestamp":1716980143064,"message_id":233,"output":"\n","stderr":true},"type":"standard_output"}
{"payload":{"local_timestamp":1716980143065,"message_id":234,"output":"  File \"E:\\KIT\\code_projects\\cv_yolo\\yolov5\\train.py\", line 623, in main\n","stderr":true},"type":"standard_output"}
{"payload":{"local_timestamp":1716980143066,"message_id":235,"output":"    ","stderr":true},"type":"standard_output"}
{"payload":{"local_timestamp":1716980143066,"message_id":236,"output":"train(opt.hyp, opt, device, callbacks)","stderr":true},"type":"standard_output"}
{"payload":{"local_timestamp":1716980143066,"message_id":237,"output":"\n","stderr":true},"type":"standard_output"}
{"payload":{"local_timestamp":1716980143066,"message_id":238,"output":"  File \"E:\\KIT\\code_projects\\cv_yolo\\yolov5\\train.py\", line 382, in train\n","stderr":true},"type":"standard_output"}
{"payload":{"local_timestamp":1716980143066,"message_id":239,"output":"    ","stderr":true},"type":"standard_output"}
{"payload":{"local_timestamp":1716980143066,"message_id":240,"output":"pred = model(imgs)  # forward","stderr":true},"type":"standard_output"}
{"payload":{"local_timestamp":1716980143069,"message_id":241,"output":"\n","stderr":true},"type":"standard_output"}
{"payload":{"local_timestamp":1716980143069,"message_id":242,"output":"  File \"D:\\Anaconda\\envs\\yolo\\lib\\site-packages\\torch\\nn\\modules\\module.py\", line 1518, in _wrapped_call_impl\n","stderr":true},"type":"standard_output"}
{"payload":{"local_timestamp":1716980143069,"message_id":243,"output":"    ","stderr":true},"type":"standard_output"}
{"payload":{"local_timestamp":1716980143069,"message_id":244,"output":"return self._call_impl(*args, **kwargs)","stderr":true},"type":"standard_output"}
{"payload":{"local_timestamp":1716980143069,"message_id":245,"output":"\n","stderr":true},"type":"standard_output"}
{"payload":{"local_timestamp":1716980143069,"message_id":246,"output":"  File \"D:\\Anaconda\\envs\\yolo\\lib\\site-packages\\torch\\nn\\modules\\module.py\", line 1527, in _call_impl\n","stderr":true},"type":"standard_output"}
{"payload":{"local_timestamp":1716980143074,"message_id":247,"output":"    ","stderr":true},"type":"standard_output"}
{"payload":{"local_timestamp":1716980143074,"message_id":248,"output":"return forward_call(*args, **kwargs)","stderr":true},"type":"standard_output"}
{"payload":{"local_timestamp":1716980143074,"message_id":249,"output":"\n","stderr":true},"type":"standard_output"}
{"payload":{"local_timestamp":1716980143075,"message_id":250,"output":"  File \"D:\\Anaconda\\envs\\yolo\\lib\\site-packages\\torch\\nn\\parallel\\data_parallel.py\", line 175, in forward\n","stderr":true},"type":"standard_output"}
{"payload":{"local_timestamp":1716980143075,"message_id":251,"output":"    ","stderr":true},"type":"standard_output"}
{"payload":{"local_timestamp":1716980143075,"message_id":252,"output":"inputs, module_kwargs = self.scatter(inputs, kwargs, self.device_ids)","stderr":true},"type":"standard_output"}
{"payload":{"local_timestamp":1716980143076,"message_id":253,"output":"\n","stderr":true},"type":"standard_output"}
{"payload":{"local_timestamp":1716980143076,"message_id":254,"output":"  File \"D:\\Anaconda\\envs\\yolo\\lib\\site-packages\\torch\\nn\\parallel\\data_parallel.py\", line 197, in scatter\n","stderr":true},"type":"standard_output"}
{"payload":{"local_timestamp":1716980143077,"message_id":255,"output":"    ","stderr":true},"type":"standard_output"}
{"payload":{"local_timestamp":1716980143078,"message_id":256,"output":"return scatter_kwargs(inputs, kwargs, device_ids, dim=self.dim)","stderr":true},"type":"standard_output"}
{"payload":{"local_timestamp":1716980143078,"message_id":257,"output":"\n","stderr":true},"type":"standard_output"}
{"payload":{"local_timestamp":1716980143079,"message_id":258,"output":"  File \"D:\\Anaconda\\envs\\yolo\\lib\\site-packages\\torch\\nn\\parallel\\scatter_gather.py\", line 73, in scatter_kwargs\n","stderr":true},"type":"standard_output"}
{"payload":{"local_timestamp":1716980143080,"message_id":259,"output":"    ","stderr":true},"type":"standard_output"}
{"payload":{"local_timestamp":1716980143080,"message_id":260,"output":"scattered_inputs = scatter(inputs, target_gpus, dim) if inputs else []","stderr":true},"type":"standard_output"}
{"payload":{"local_timestamp":1716980143080,"message_id":261,"output":"\n","stderr":true},"type":"standard_output"}
{"payload":{"local_timestamp":1716980143080,"message_id":262,"output":"  File \"D:\\Anaconda\\envs\\yolo\\lib\\site-packages\\torch\\nn\\parallel\\scatter_gather.py\", line 60, in scatter\n","stderr":true},"type":"standard_output"}
{"payload":{"local_timestamp":1716980143080,"message_id":263,"output":"    ","stderr":true},"type":"standard_output"}
{"payload":{"local_timestamp":1716980143080,"message_id":264,"output":"res = scatter_map(inputs)","stderr":true},"type":"standard_output"}
{"payload":{"local_timestamp":1716980143080,"message_id":265,"output":"\n","stderr":true},"type":"standard_output"}
{"payload":{"local_timestamp":1716980143080,"message_id":266,"output":"  File \"D:\\Anaconda\\envs\\yolo\\lib\\site-packages\\torch\\nn\\parallel\\scatter_gather.py\", line 47, in scatter_map\n","stderr":true},"type":"standard_output"}
{"payload":{"local_timestamp":1716980143080,"message_id":267,"output":"    ","stderr":true},"type":"standard_output"}
{"payload":{"local_timestamp":1716980143080,"message_id":268,"output":"return list(zip(*map(scatter_map, obj)))","stderr":true},"type":"standard_output"}
{"payload":{"local_timestamp":1716980143080,"message_id":269,"output":"\n","stderr":true},"type":"standard_output"}
{"payload":{"local_timestamp":1716980143080,"message_id":270,"output":"  File \"D:\\Anaconda\\envs\\yolo\\lib\\site-packages\\torch\\nn\\parallel\\scatter_gather.py\", line 43, in scatter_map\n","stderr":true},"type":"standard_output"}
{"payload":{"local_timestamp":1716980143080,"message_id":271,"output":"    ","stderr":true},"type":"standard_output"}
{"payload":{"local_timestamp":1716980143080,"message_id":272,"output":"return Scatter.apply(target_gpus, None, dim, obj)","stderr":true},"type":"standard_output"}
{"payload":{"local_timestamp":1716980143080,"message_id":273,"output":"\n","stderr":true},"type":"standard_output"}
{"payload":{"local_timestamp":1716980143087,"message_id":274,"output":"  File \"D:\\Anaconda\\envs\\yolo\\lib\\site-packages\\torch\\autograd\\function.py\", line 539, in apply\n","stderr":true},"type":"standard_output"}
{"payload":{"local_timestamp":1716980143087,"message_id":275,"output":"    ","stderr":true},"type":"standard_output"}
{"payload":{"local_timestamp":1716980143087,"message_id":276,"output":"return super().apply(*args, **kwargs)  # type: ignore[misc]","stderr":true},"type":"standard_output"}
{"payload":{"local_timestamp":1716980143088,"message_id":277,"output":"\n","stderr":true},"type":"standard_output"}
{"payload":{"local_timestamp":1716980143089,"message_id":278,"output":"  File \"D:\\Anaconda\\envs\\yolo\\lib\\site-packages\\torch\\nn\\parallel\\_functions.py\", line 96, in forward\n","stderr":true},"type":"standard_output"}
{"payload":{"local_timestamp":1716980143089,"message_id":279,"output":"    ","stderr":true},"type":"standard_output"}
{"payload":{"local_timestamp":1716980143089,"message_id":280,"output":"outputs = comm.scatter(input, target_gpus, chunk_sizes, ctx.dim, streams)","stderr":true},"type":"standard_output"}
{"payload":{"local_timestamp":1716980143090,"message_id":281,"output":"\n","stderr":true},"type":"standard_output"}
{"payload":{"local_timestamp":1716980143090,"message_id":282,"output":"  File \"D:\\Anaconda\\envs\\yolo\\lib\\site-packages\\torch\\nn\\parallel\\comm.py\", line 187, in scatter\n","stderr":true},"type":"standard_output"}
{"payload":{"local_timestamp":1716980143091,"message_id":283,"output":"    ","stderr":true},"type":"standard_output"}
{"payload":{"local_timestamp":1716980143091,"message_id":284,"output":"return tuple(torch._C._scatter(tensor, devices, chunk_sizes, dim, streams))","stderr":true},"type":"standard_output"}
{"payload":{"local_timestamp":1716980143091,"message_id":285,"output":"\n","stderr":true},"type":"standard_output"}
{"payload":{"local_timestamp":1716980143092,"message_id":286,"output":"RuntimeError","stderr":true},"type":"standard_output"}
{"payload":{"local_timestamp":1716980143092,"message_id":287,"output":": ","stderr":true},"type":"standard_output"}
{"payload":{"local_timestamp":1716980143093,"message_id":288,"output":"CUDA error: out of memory\nCUDA kernel errors might be asynchronously reported at some other API call, so the stacktrace below might be incorrect.\nFor debugging consider passing CUDA_LAUNCH_BLOCKING=1.\nCompile with `TORCH_USE_CUDA_DSA` to enable device-side assertions.\n","stderr":true},"type":"standard_output"}
{"payload":{"local_timestamp":1716980143093,"message_id":289,"output":"\n","stderr":true},"type":"standard_output"}
{"payload":{"local_timestamp":1716980143093,"message_id":290,"output":"\u001b[1;38;5;39mCOMET INFO:\u001b[0m ---------------------------------------------------------------------------------------\n","stderr":true},"type":"standard_output"}
{"payload":{"local_timestamp":1716980143093,"message_id":291,"output":"\u001b[1;38;5;39mCOMET INFO:\u001b[0m Comet.ml OfflineExperiment Summary\n","stderr":true},"type":"standard_output"}
{"payload":{"local_timestamp":1716980143093,"message_id":292,"output":"\u001b[1;38;5;39mCOMET INFO:\u001b[0m ---------------------------------------------------------------------------------------\n","stderr":true},"type":"standard_output"}
{"payload":{"local_timestamp":1716980143093,"message_id":293,"output":"\u001b[1;38;5;39mCOMET INFO:\u001b[0m   Data:\n","stderr":true},"type":"standard_output"}
{"payload":{"local_timestamp":1716980143093,"message_id":294,"output":"\u001b[1;38;5;39mCOMET INFO:\u001b[0m     display_summary_level : 1\n","stderr":true},"type":"standard_output"}
{"payload":{"local_timestamp":1716980143100,"message_id":295,"output":"\u001b[1;38;5;39mCOMET INFO:\u001b[0m     name                  : exp\n","stderr":true},"type":"standard_output"}
{"payload":{"local_timestamp":1716980143100,"message_id":296,"output":"\u001b[1;38;5;39mCOMET INFO:\u001b[0m     url                   : [OfflineExperiment will get URL after upload]\n","stderr":true},"type":"standard_output"}
{"payload":{"local_timestamp":1716980143101,"message_id":297,"output":"\u001b[1;38;5;39mCOMET INFO:\u001b[0m   Others:\n","stderr":true},"type":"standard_output"}
{"payload":{"local_timestamp":1716980143101,"message_id":298,"output":"\u001b[1;38;5;39mCOMET INFO:\u001b[0m     Created from                : YOLOv5\n","stderr":true},"type":"standard_output"}
{"payload":{"local_timestamp":1716980143102,"message_id":299,"output":"\u001b[1;38;5;39mCOMET INFO:\u001b[0m     Name                        : exp\n","stderr":true},"type":"standard_output"}
{"payload":{"local_timestamp":1716980143103,"message_id":300,"output":"\u001b[1;38;5;39mCOMET INFO:\u001b[0m     comet_log_batch_metrics     : False\n","stderr":true},"type":"standard_output"}
{"payload":{"local_timestamp":1716980143103,"message_id":301,"output":"\u001b[1;38;5;39mCOMET INFO:\u001b[0m     comet_log_confusion_matrix  : True\n","stderr":true},"type":"standard_output"}
{"payload":{"local_timestamp":1716980143104,"message_id":302,"output":"\u001b[1;38;5;39mCOMET INFO:\u001b[0m     comet_log_per_class_metrics : False\n","stderr":true},"type":"standard_output"}
{"payload":{"local_timestamp":1716980143106,"message_id":303,"output":"\u001b[1;38;5;39mCOMET INFO:\u001b[0m     comet_max_image_uploads     : 100\n","stderr":true},"type":"standard_output"}
{"payload":{"local_timestamp":1716980143107,"message_id":304,"output":"\u001b[1;38;5;39mCOMET INFO:\u001b[0m     comet_mode                  : online\n","stderr":true},"type":"standard_output"}
{"payload":{"local_timestamp":1716980143107,"message_id":305,"output":"\u001b[1;38;5;39mCOMET INFO:\u001b[0m     comet_model_name            : yolov5\n","stderr":true},"type":"standard_output"}
{"payload":{"local_timestamp":1716980143107,"message_id":306,"output":"\u001b[1;38;5;39mCOMET INFO:\u001b[0m     hasNestedParams             : True\n","stderr":true},"type":"standard_output"}
{"payload":{"local_timestamp":1716980143107,"message_id":307,"output":"\u001b[1;38;5;39mCOMET INFO:\u001b[0m     offline_experiment          : True\n","stderr":true},"type":"standard_output"}
{"payload":{"local_timestamp":1716980143107,"message_id":308,"output":"\u001b[1;38;5;39mCOMET INFO:\u001b[0m   Parameters:\n","stderr":true},"type":"standard_output"}
{"payload":{"local_timestamp":1716980143107,"message_id":309,"output":"\u001b[1;38;5;39mCOMET INFO:\u001b[0m     anchor_t            : 4.0\n","stderr":true},"type":"standard_output"}
{"payload":{"local_timestamp":1716980143107,"message_id":310,"output":"\u001b[1;38;5;39mCOMET INFO:\u001b[0m     artifact_alias      : latest\n","stderr":true},"type":"standard_output"}
{"payload":{"local_timestamp":1716980143107,"message_id":311,"output":"\u001b[1;38;5;39mCOMET INFO:\u001b[0m     batch_size          : 16\n","stderr":true},"type":"standard_output"}
{"payload":{"local_timestamp":1716980143107,"message_id":312,"output":"\u001b[1;38;5;39mCOMET INFO:\u001b[0m     bbox_interval       : 1\n","stderr":true},"type":"standard_output"}
{"payload":{"local_timestamp":1716980143107,"message_id":313,"output":"\u001b[1;38;5;39mCOMET INFO:\u001b[0m     box                 : 0.05\n","stderr":true},"type":"standard_output"}
{"payload":{"local_timestamp":1716980143107,"message_id":314,"output":"\u001b[1;38;5;39mCOMET INFO:\u001b[0m     bucket              : \n","stderr":true},"type":"standard_output"}
{"payload":{"local_timestamp":1716980143107,"message_id":315,"output":"\u001b[1;38;5;39mCOMET INFO:\u001b[0m     cache               : None\n","stderr":true},"type":"standard_output"}
{"payload":{"local_timestamp":1716980143107,"message_id":316,"output":"\u001b[1;38;5;39mCOMET INFO:\u001b[0m     cfg                 : \n","stderr":true},"type":"standard_output"}
{"payload":{"local_timestamp":1716980143107,"message_id":317,"output":"\u001b[1;38;5;39mCOMET INFO:\u001b[0m     cls                 : 0.5\n","stderr":true},"type":"standard_output"}
{"payload":{"local_timestamp":1716980143107,"message_id":318,"output":"\u001b[1;38;5;39mCOMET INFO:\u001b[0m     cls_pw              : 1.0\n","stderr":true},"type":"standard_output"}
{"payload":{"local_timestamp":1716980143107,"message_id":319,"output":"\u001b[1;38;5;39mCOMET INFO:\u001b[0m     copy_paste          : 0.0\n","stderr":true},"type":"standard_output"}
{"payload":{"local_timestamp":1716980143120,"message_id":320,"output":"\u001b[1;38;5;39mCOMET INFO:\u001b[0m     cos_lr              : False\n","stderr":true},"type":"standard_output"}
{"payload":{"local_timestamp":1716980143120,"message_id":321,"output":"\u001b[1;38;5;39mCOMET INFO:\u001b[0m     degrees             : 0.0\n","stderr":true},"type":"standard_output"}
{"payload":{"local_timestamp":1716980143120,"message_id":322,"output":"\u001b[1;38;5;39mCOMET INFO:\u001b[0m     device              : \n","stderr":true},"type":"standard_output"}
{"payload":{"local_timestamp":1716980143120,"message_id":323,"output":"\u001b[1;38;5;39mCOMET INFO:\u001b[0m     entity              : None\n","stderr":true},"type":"standard_output"}
{"payload":{"local_timestamp":1716980143120,"message_id":324,"output":"\u001b[1;38;5;39mCOMET INFO:\u001b[0m     evolve              : None\n","stderr":true},"type":"standard_output"}
{"payload":{"local_timestamp":1716980143120,"message_id":325,"output":"\u001b[1;38;5;39mCOMET INFO:\u001b[0m     evolve_population   : data\\hyps\n","stderr":true},"type":"standard_output"}
{"payload":{"local_timestamp":1716980143120,"message_id":326,"output":"\u001b[1;38;5;39mCOMET INFO:\u001b[0m     exist_ok            : False\n","stderr":true},"type":"standard_output"}
{"payload":{"local_timestamp":1716980143120,"message_id":327,"output":"\u001b[1;38;5;39mCOMET INFO:\u001b[0m     fl_gamma            : 0.0\n","stderr":true},"type":"standard_output"}
{"payload":{"local_timestamp":1716980143120,"message_id":328,"output":"\u001b[1;38;5;39mCOMET INFO:\u001b[0m     fliplr              : 0.5\n","stderr":true},"type":"standard_output"}
{"payload":{"local_timestamp":1716980143132,"message_id":329,"output":"\u001b[1;38;5;39mCOMET INFO:\u001b[0m     flipud              : 0.0\n","stderr":true},"type":"standard_output"}
{"payload":{"local_timestamp":1716980143134,"message_id":330,"output":"\u001b[1;38;5;39mCOMET INFO:\u001b[0m     freeze              : [0]\n","stderr":true},"type":"standard_output"}
{"payload":{"local_timestamp":1716980143135,"message_id":331,"output":"\u001b[1;38;5;39mCOMET INFO:\u001b[0m     hsv_h               : 0.015\n","stderr":true},"type":"standard_output"}
{"payload":{"local_timestamp":1716980143135,"message_id":332,"output":"\u001b[1;38;5;39mCOMET INFO:\u001b[0m     hsv_s               : 0.7\n","stderr":true},"type":"standard_output"}
{"payload":{"local_timestamp":1716980143136,"message_id":333,"output":"\u001b[1;38;5;39mCOMET INFO:\u001b[0m     hsv_v               : 0.4\n","stderr":true},"type":"standard_output"}
{"payload":{"local_timestamp":1716980143138,"message_id":334,"output":"\u001b[1;38;5;39mCOMET INFO:\u001b[0m     hyp|anchor_t        : 4.0\n","stderr":true},"type":"standard_output"}
{"payload":{"local_timestamp":1716980143138,"message_id":335,"output":"\u001b[1;38;5;39mCOMET INFO:\u001b[0m     hyp|box             : 0.05\n","stderr":true},"type":"standard_output"}
{"payload":{"local_timestamp":1716980143138,"message_id":336,"output":"\u001b[1;38;5;39mCOMET INFO:\u001b[0m     hyp|cls             : 0.5\n","stderr":true},"type":"standard_output"}
{"payload":{"local_timestamp":1716980143138,"message_id":337,"output":"\u001b[1;38;5;39mCOMET INFO:\u001b[0m     hyp|cls_pw          : 1.0\n","stderr":true},"type":"standard_output"}
{"payload":{"local_timestamp":1716980143146,"message_id":338,"output":"\u001b[1;38;5;39mCOMET INFO:\u001b[0m     hyp|copy_paste      : 0.0\n","stderr":true},"type":"standard_output"}
{"payload":{"local_timestamp":1716980143146,"message_id":339,"output":"\u001b[1;38;5;39mCOMET INFO:\u001b[0m     hyp|degrees         : 0.0\n","stderr":true},"type":"standard_output"}
{"payload":{"local_timestamp":1716980143146,"message_id":340,"output":"\u001b[1;38;5;39mCOMET INFO:\u001b[0m     hyp|fl_gamma        : 0.0\n","stderr":true},"type":"standard_output"}
{"payload":{"local_timestamp":1716980143146,"message_id":341,"output":"\u001b[1;38;5;39mCOMET INFO:\u001b[0m     hyp|fliplr          : 0.5\n","stderr":true},"type":"standard_output"}
{"payload":{"local_timestamp":1716980143146,"message_id":342,"output":"\u001b[1;38;5;39mCOMET INFO:\u001b[0m     hyp|flipud          : 0.0\n","stderr":true},"type":"standard_output"}
{"payload":{"local_timestamp":1716980143146,"message_id":343,"output":"\u001b[1;38;5;39mCOMET INFO:\u001b[0m     hyp|hsv_h           : 0.015\n","stderr":true},"type":"standard_output"}
{"payload":{"local_timestamp":1716980143146,"message_id":344,"output":"\u001b[1;38;5;39mCOMET INFO:\u001b[0m     hyp|hsv_s           : 0.7\n","stderr":true},"type":"standard_output"}
{"payload":{"local_timestamp":1716980143146,"message_id":345,"output":"\u001b[1;38;5;39mCOMET INFO:\u001b[0m     hyp|hsv_v           : 0.4\n","stderr":true},"type":"standard_output"}
{"payload":{"local_timestamp":1716980143160,"message_id":346,"output":"\u001b[1;38;5;39mCOMET INFO:\u001b[0m     hyp|iou_t           : 0.2\n","stderr":true},"type":"standard_output"}
{"payload":{"local_timestamp":1716980143169,"message_id":347,"output":"\u001b[1;38;5;39mCOMET INFO:\u001b[0m     hyp|lr0             : 0.01\n","stderr":true},"type":"standard_output"}
{"payload":{"local_timestamp":1716980143169,"message_id":348,"output":"\u001b[1;38;5;39mCOMET INFO:\u001b[0m     hyp|lrf             : 0.01\n","stderr":true},"type":"standard_output"}
{"payload":{"local_timestamp":1716980143173,"message_id":349,"output":"\u001b[1;38;5;39mCOMET INFO:\u001b[0m     hyp|mixup           : 0.0\n","stderr":true},"type":"standard_output"}
{"payload":{"local_timestamp":1716980143187,"message_id":350,"output":"\u001b[1;38;5;39mCOMET INFO:\u001b[0m     hyp|momentum        : 0.937\n","stderr":true},"type":"standard_output"}
{"payload":{"local_timestamp":1716980143187,"message_id":351,"output":"\u001b[1;38;5;39mCOMET INFO:\u001b[0m     hyp|mosaic          : 1.0\n","stderr":true},"type":"standard_output"}
{"payload":{"local_timestamp":1716980143187,"message_id":352,"output":"\u001b[1;38;5;39mCOMET INFO:\u001b[0m     hyp|obj             : 1.0\n","stderr":true},"type":"standard_output"}
{"payload":{"local_timestamp":1716980143200,"message_id":353,"output":"\u001b[1;38;5;39mCOMET INFO:\u001b[0m     hyp|obj_pw          : 1.0\n","stderr":true},"type":"standard_output"}
{"payload":{"local_timestamp":1716980143200,"message_id":354,"output":"\u001b[1;38;5;39mCOMET INFO:\u001b[0m     hyp|perspective     : 0.0\n","stderr":true},"type":"standard_output"}
{"payload":{"local_timestamp":1716980143200,"message_id":355,"output":"\u001b[1;38;5;39mCOMET INFO:\u001b[0m     hyp|scale           : 0.5\n","stderr":true},"type":"standard_output"}
{"payload":{"local_timestamp":1716980143200,"message_id":356,"output":"\u001b[1;38;5;39mCOMET INFO:\u001b[0m     hyp|shear           : 0.0\n","stderr":true},"type":"standard_output"}
{"payload":{"local_timestamp":1716980143200,"message_id":357,"output":"\u001b[1;38;5;39mCOMET INFO:\u001b[0m     hyp|translate       : 0.1\n","stderr":true},"type":"standard_output"}
{"payload":{"local_timestamp":1716980143200,"message_id":358,"output":"\u001b[1;38;5;39mCOMET INFO:\u001b[0m     hyp|warmup_bias_lr  : 0.1\n","stderr":true},"type":"standard_output"}
{"payload":{"local_timestamp":1716980143200,"message_id":359,"output":"\u001b[1;38;5;39mCOMET INFO:\u001b[0m     hyp|warmup_epochs   : 3.0\n","stderr":true},"type":"standard_output"}
{"payload":{"local_timestamp":1716980143200,"message_id":360,"output":"\u001b[1;38;5;39mCOMET INFO:\u001b[0m     hyp|warmup_momentum : 0.8\n","stderr":true},"type":"standard_output"}
{"payload":{"local_timestamp":1716980143200,"message_id":361,"output":"\u001b[1;38;5;39mCOMET INFO:\u001b[0m     hyp|weight_decay    : 0.0005\n","stderr":true},"type":"standard_output"}
{"payload":{"local_timestamp":1716980143200,"message_id":362,"output":"\u001b[1;38;5;39mCOMET INFO:\u001b[0m     image_weights       : False\n","stderr":true},"type":"standard_output"}
{"payload":{"local_timestamp":1716980143200,"message_id":363,"output":"\u001b[1;38;5;39mCOMET INFO:\u001b[0m     imgsz               : 640\n","stderr":true},"type":"standard_output"}
{"payload":{"local_timestamp":1716980143200,"message_id":364,"output":"\u001b[1;38;5;39mCOMET INFO:\u001b[0m     iou_t               : 0.2\n","stderr":true},"type":"standard_output"}
{"payload":{"local_timestamp":1716980143200,"message_id":365,"output":"\u001b[1;38;5;39mCOMET INFO:\u001b[0m     label_smoothing     : 0.0\n","stderr":true},"type":"standard_output"}
{"payload":{"local_timestamp":1716980143213,"message_id":366,"output":"\u001b[1;38;5;39mCOMET INFO:\u001b[0m     local_rank          : -1\n","stderr":true},"type":"standard_output"}
{"payload":{"local_timestamp":1716980143213,"message_id":367,"output":"\u001b[1;38;5;39mCOMET INFO:\u001b[0m     lr0                 : 0.01\n","stderr":true},"type":"standard_output"}
{"payload":{"local_timestamp":1716980143213,"message_id":368,"output":"\u001b[1;38;5;39mCOMET INFO:\u001b[0m     lrf                 : 0.01\n","stderr":true},"type":"standard_output"}
{"payload":{"local_timestamp":1716980143213,"message_id":369,"output":"\u001b[1;38;5;39mCOMET INFO:\u001b[0m     mixup               : 0.0\n","stderr":true},"type":"standard_output"}
{"payload":{"local_timestamp":1716980143213,"message_id":370,"output":"\u001b[1;38;5;39mCOMET INFO:\u001b[0m     momentum            : 0.937\n","stderr":true},"type":"standard_output"}
{"payload":{"local_timestamp":1716980143213,"message_id":371,"output":"\u001b[1;38;5;39mCOMET INFO:\u001b[0m     mosaic              : 1.0\n","stderr":true},"type":"standard_output"}
{"payload":{"local_timestamp":1716980143213,"message_id":372,"output":"\u001b[1;38;5;39mCOMET INFO:\u001b[0m     multi_scale         : False\n","stderr":true},"type":"standard_output"}
{"payload":{"local_timestamp":1716980143213,"message_id":373,"output":"\u001b[1;38;5;39mCOMET INFO:\u001b[0m     name                : exp\n","stderr":true},"type":"standard_output"}
{"payload":{"local_timestamp":1716980143213,"message_id":374,"output":"\u001b[1;38;5;39mCOMET INFO:\u001b[0m     ndjson_console      : False\n","stderr":true},"type":"standard_output"}
{"payload":{"local_timestamp":1716980143228,"message_id":375,"output":"\u001b[1;38;5;39mCOMET INFO:\u001b[0m     ndjson_file         : False\n","stderr":true},"type":"standard_output"}
{"payload":{"local_timestamp":1716980143234,"message_id":376,"output":"\u001b[1;38;5;39mCOMET INFO:\u001b[0m     noautoanchor        : False\n","stderr":true},"type":"standard_output"}
{"payload":{"local_timestamp":1716980143234,"message_id":377,"output":"\u001b[1;38;5;39mCOMET INFO:\u001b[0m     noplots             : False\n","stderr":true},"type":"standard_output"}
{"payload":{"local_timestamp":1716980143234,"message_id":378,"output":"\u001b[1;38;5;39mCOMET INFO:\u001b[0m     nosave              : False\n","stderr":true},"type":"standard_output"}
{"payload":{"local_timestamp":1716980143234,"message_id":379,"output":"\u001b[1;38;5;39mCOMET INFO:\u001b[0m     noval               : False\n","stderr":true},"type":"standard_output"}
{"payload":{"local_timestamp":1716980143240,"message_id":380,"output":"\u001b[1;38;5;39mCOMET INFO:\u001b[0m     obj                 : 1.0\n","stderr":true},"type":"standard_output"}
{"payload":{"local_timestamp":1716980143241,"message_id":381,"output":"\u001b[1;38;5;39mCOMET INFO:\u001b[0m     obj_pw              : 1.0\n","stderr":true},"type":"standard_output"}
{"payload":{"local_timestamp":1716980143242,"message_id":382,"output":"\u001b[1;38;5;39mCOMET INFO:\u001b[0m     optimizer           : SGD\n","stderr":true},"type":"standard_output"}
{"payload":{"local_timestamp":1716980143243,"message_id":383,"output":"\u001b[1;38;5;39mCOMET INFO:\u001b[0m     patience            : 100\n","stderr":true},"type":"standard_output"}
{"payload":{"local_timestamp":1716980143243,"message_id":384,"output":"\u001b[1;38;5;39mCOMET INFO:\u001b[0m     perspective         : 0.0\n","stderr":true},"type":"standard_output"}
{"payload":{"local_timestamp":1716980143243,"message_id":385,"output":"\u001b[1;38;5;39mCOMET INFO:\u001b[0m     project             : runs\\train\n","stderr":true},"type":"standard_output"}
{"payload":{"local_timestamp":1716980143243,"message_id":386,"output":"\u001b[1;38;5;39mCOMET INFO:\u001b[0m     quad                : False\n","stderr":true},"type":"standard_output"}
{"payload":{"local_timestamp":1716980143243,"message_id":387,"output":"\u001b[1;38;5;39mCOMET INFO:\u001b[0m     rect                : False\n","stderr":true},"type":"standard_output"}
{"payload":{"local_timestamp":1716980143243,"message_id":388,"output":"\u001b[1;38;5;39mCOMET INFO:\u001b[0m     resume              : False\n","stderr":true},"type":"standard_output"}
{"payload":{"local_timestamp":1716980143243,"message_id":389,"output":"\u001b[1;38;5;39mCOMET INFO:\u001b[0m     resume_evolve       : None\n","stderr":true},"type":"standard_output"}
{"payload":{"local_timestamp":1716980143243,"message_id":390,"output":"\u001b[1;38;5;39mCOMET INFO:\u001b[0m     save_dir            : runs\\train\\exp6\n","stderr":true},"type":"standard_output"}
{"payload":{"local_timestamp":1716980143243,"message_id":391,"output":"\u001b[1;38;5;39mCOMET INFO:\u001b[0m     save_period         : -1\n","stderr":true},"type":"standard_output"}
{"payload":{"local_timestamp":1716980143243,"message_id":392,"output":"\u001b[1;38;5;39mCOMET INFO:\u001b[0m     scale               : 0.5\n","stderr":true},"type":"standard_output"}
{"payload":{"local_timestamp":1716980143254,"message_id":393,"output":"\u001b[1;38;5;39mCOMET INFO:\u001b[0m     seed                : 0\n","stderr":true},"type":"standard_output"}
{"payload":{"local_timestamp":1716980143255,"message_id":394,"output":"\u001b[1;38;5;39mCOMET INFO:\u001b[0m     shear               : 0.0\n","stderr":true},"type":"standard_output"}
{"payload":{"local_timestamp":1716980143256,"message_id":395,"output":"\u001b[1;38;5;39mCOMET INFO:\u001b[0m     single_cls          : False\n","stderr":true},"type":"standard_output"}
{"payload":{"local_timestamp":1716980143257,"message_id":396,"output":"\u001b[1;38;5;39mCOMET INFO:\u001b[0m     sync_bn             : False\n","stderr":true},"type":"standard_output"}
{"payload":{"local_timestamp":1716980143258,"message_id":397,"output":"\u001b[1;38;5;39mCOMET INFO:\u001b[0m     translate           : 0.1\n","stderr":true},"type":"standard_output"}
{"payload":{"local_timestamp":1716980143259,"message_id":398,"output":"\u001b[1;38;5;39mCOMET INFO:\u001b[0m     upload_dataset      : False\n","stderr":true},"type":"standard_output"}
{"payload":{"local_timestamp":1716980143261,"message_id":399,"output":"\u001b[1;38;5;39mCOMET INFO:\u001b[0m     val_conf_threshold  : 0.001\n","stderr":true},"type":"standard_output"}
{"payload":{"local_timestamp":1716980143262,"message_id":400,"output":"\u001b[1;38;5;39mCOMET INFO:\u001b[0m     val_iou_threshold   : 0.6\n","stderr":true},"type":"standard_output"}
{"payload":{"local_timestamp":1716980143262,"message_id":401,"output":"\u001b[1;38;5;39mCOMET INFO:\u001b[0m     warmup_bias_lr      : 0.1\n","stderr":true},"type":"standard_output"}
{"payload":{"local_timestamp":1716980143263,"message_id":402,"output":"\u001b[1;38;5;39mCOMET INFO:\u001b[0m     warmup_epochs       : 3.0\n","stderr":true},"type":"standard_output"}
{"payload":{"local_timestamp":1716980143264,"message_id":403,"output":"\u001b[1;38;5;39mCOMET INFO:\u001b[0m     warmup_momentum     : 0.8\n","stderr":true},"type":"standard_output"}
{"payload":{"local_timestamp":1716980143265,"message_id":404,"output":"\u001b[1;38;5;39mCOMET INFO:\u001b[0m     weight_decay        : 0.0005\n","stderr":true},"type":"standard_output"}
{"payload":{"local_timestamp":1716980143266,"message_id":405,"output":"\u001b[1;38;5;39mCOMET INFO:\u001b[0m     workers             : 8\n","stderr":true},"type":"standard_output"}
{"payload":{"local_timestamp":1716980143267,"message_id":406,"output":"\u001b[1;38;5;39mCOMET INFO:\u001b[0m   Uploads:\n","stderr":true},"type":"standard_output"}
{"payload":{"local_timestamp":1716980143268,"message_id":407,"output":"\u001b[1;38;5;39mCOMET INFO:\u001b[0m     asset                        : 3 (3.09 KB)\n","stderr":true},"type":"standard_output"}
{"payload":{"local_timestamp":1716980143269,"message_id":408,"output":"\u001b[1;38;5;39mCOMET INFO:\u001b[0m     conda-environment-definition : 1\n","stderr":true},"type":"standard_output"}
{"payload":{"local_timestamp":1716980143270,"message_id":409,"output":"\u001b[1;38;5;39mCOMET INFO:\u001b[0m     conda-info                   : 1\n","stderr":true},"type":"standard_output"}
{"payload":{"local_timestamp":1716980143271,"message_id":410,"output":"\u001b[1;38;5;39mCOMET INFO:\u001b[0m     conda-specification          : 1\n","stderr":true},"type":"standard_output"}
{"payload":{"local_timestamp":1716980143272,"message_id":411,"output":"\u001b[1;38;5;39mCOMET INFO:\u001b[0m     environment details          : 1\n","stderr":true},"type":"standard_output"}
{"payload":{"local_timestamp":1716980143272,"message_id":412,"output":"\u001b[1;38;5;39mCOMET INFO:\u001b[0m     git metadata                 : 1\n","stderr":true},"type":"standard_output"}
{"payload":{"local_timestamp":1716980143273,"message_id":413,"output":"\u001b[1;38;5;39mCOMET INFO:\u001b[0m     installed packages           : 1\n","stderr":true},"type":"standard_output"}
{"payload":{"local_timestamp":1716980143274,"message_id":414,"output":"\u001b[1;38;5;39mCOMET INFO:\u001b[0m \n","stderr":true},"type":"standard_output"}
